source_row_id,president,year,party,sotu_type,text
228,George W. Bush,2008,Republican,speech,"Thank you all. Madam Speaker, Vice President Cheney, Members of Congress, distinguished guests, and fellow citizens: Seven years have passed since I first stood before you at this rostrum. In that time, our country has been tested in ways none of us could have imagined. We faced hard decisions about peace and war, rising competition in the world economy, and the health and welfare of our citizens. These issues call for vigorous debate, and I think it's fair to say, we've answered the call. [Laughter] Yet history will record that amid our differences, we acted with purpose, and together we showed the world the power and resilience of American self-government. 

All of us were sent to Washington to carry out the people's business. That is the purpose of this body. It is the meaning of our oath. It remains our charge to keep. 

The actions of the 110th Congress will affect the security and prosperity of our Nation long after this session has ended. In this election year, let us show our fellow Americans that we recognize our responsibilities and are determined to meet them. Let us show them that Republicans and Democrats can compete for votes and cooperate for results at the same time. 

From expanding opportunity to protecting our country, we've made good progress. Yet we have unfinished business before us, and the American people expect us to get it done. 

In the work ahead, we must be guided by the philosophy that made our Nation great. As Americans, we believe in the power of individuals to determine their destiny and shape the course of history. We believe that the most reliable guide for our country is the collective wisdom of ordinary citizens. And so in all we do, we must trust in the ability of free peoples to make wise decisions and empower them to improve their lives for their futures. 

To build a prosperous future, we must trust people with their own money and empower them to grow our economy. As we meet tonight, our economy is undergoing a period of uncertainty. America has added jobs for a record 52 straight months, but jobs are now growing at a slower pace. Wages are up, but so are prices for food and gas. Exports are rising, but the housing market has declined. At kitchen tables across our country, there is a concern about our economic future. 

In the long run, Americans can be confident about our economic growth. But in the short run, we can all see that that growth is slowing. So last week, my administration reached agreement with Speaker Pelosi and Republican Leader Boehner on a robust growth package that includes tax relief for individuals and families and incentives for business investment. The temptation will be to load up the bill. That would delay it or derail it, and neither option is acceptable. This is a good agreement that will keep our economy growing and our people working, and this Congress must pass it as soon as possible. 

We have other work to do on taxes. Unless Congress acts, most of the tax relief we've delivered over the past 7 years will be taken away. Some in Washington argue that letting tax relief expire is not a tax increase. Try explaining that to 116 million American taxpayers who would see their taxes rise by an average of $1,800. Others have said they would personally be happy to pay higher taxes. I welcome their enthusiasm. I'm pleased to report that the IRS accepts both checks and money orders. [Laughter] 

Most Americans think their taxes are high enough. With all the other pressures on their finances, American families should not have to worry about their Federal Government taking a bigger bite out of their paychecks. There's only one way to eliminate this uncertainty: Make the tax relief permanent. And Members of Congress should know, if any bill raises taxes reaches my desk, I will veto it. 

Just as we trust Americans with their own money, we need to earn their trust by spending their tax dollars wisely. Next week, I'll send you a budget that terminates or substantially reduces 151 wasteful or bloated programs, totaling more than $18 billion. The budget that I will submit will keep America on track for a surplus in 2012. American families have to balance their budgets; so should their Government. 

The people's trust in their Government is undermined by congressional earmarks, special interest projects that are often snuck in at the last minute, without discussion or debate. Last year, I asked you to voluntarily cut the number and cost of earmarks in half. I also asked you to stop slipping earmarks into committee reports that never even come to a vote. Unfortunately, neither goal was met. So this time, if you send me an appropriations bill that does not cut the number and cost of earmarks in half, I'll send it back to you with my veto. 

And tomorrow I will issue an Executive order that directs Federal agencies to ignore any future earmark that is not voted on by Congress. If these items are truly worth funding, Congress should debate them in the open and hold a public vote. 

Our shared responsibilities extend beyond matters of taxes and spending. On housing, we must trust Americans with the responsibility of homeownership and empower them to weather turbulent times in the housing market. My administration brought together the HOPE NOW Alliance, which is helping many struggling homeowners avoid foreclosure. And Congress can help even more. Tonight I ask you to pass legislation to reform Fannie Mae and Freddie Mac, modernize the Federal Housing Administration, and allow State housing agencies to issue tax-free bonds to help homeowners refinance their mortgages. These are difficult times for many American families, and by taking these steps, we can help more of them keep their homes. 

To build a future of quality health care, we must trust patients and doctors to make medical decisions and empower them with better information and better options. We share a common goal: making health care more affordable and accessible for all Americans. The best way to achieve that goal is by expanding consumer choice, not Government control. So I have proposed ending the bias in the Tax Code against those who do not get their health insurance through their employer. This one reform would put private coverage within reach for millions, and I call on the Congress to pass it this year. 

Congress must also expand health savings accounts, create association health plans for small businesses, promote health information technology, and confront the epidemic of junk medical lawsuits. With all these steps, we will ensure that decisions about your medical care are made in the privacy of your doctor's office, not in the Halls of Congress. 

On education, we must trust students to learn, if given the chance, and empower parents to demand results from our schools. In neighborhoods across our country, there are boys and girls with dreams, and a decent education is their only hope of achieving them. 

Six years ago, we came together to pass the No Child Left Behind Act, and today, no one can deny its results. Last year, fourth and eighth graders achieved the highest math scores on record. Reading scores are on the rise. African American and Hispanic students posted alltime highs. Now we must work together to increase accountability, add flexibilities for States and districts, reduce the number of high school dropouts, provide extra help for struggling schools. 

Members of Congress, the No Child Left Behind Act is a bipartisan achievement. It is succeeding, and we owe it to America's children, their parents, and their teachers to strengthen this good law. 

We must also do more to help children when their schools do not measure up. Thanks to the DC Opportunity Scholarships you approved, more than 2,600 of the poorest children in our Nation's Capital have found new hope at a faith-based or other nonpublic school. Sadly, these schools are disappearing at an alarming rate in many of America's inner cities. So I will convene a White House summit aimed at strengthening these lifelines of learning. And to open the doors of these schools to more children, I ask you to support a new $300 million program called Pell Grants for Kids. We have seen how Pell grants help low-income college students realize their full potential. Together, we've expanded the size and reach of these grants. Now let us apply the same spirit to help liberate poor children trapped in failing public schools. 

On trade, we must trust American workers to compete with anyone in the world and empower them by opening up new markets overseas. Today, our economic growth increasingly depends on our ability to sell American goods and crops and services all over the world. So we're working to break down barriers to trade and investment wherever we can. We're working for a successful Doha round of trade talks, and we must complete a good agreement this year. At the same time, we're pursuing opportunities to open up new markets by passing free trade agreements. 

I thank the Congress for approving a good agreement with Peru. And now I ask you to approve agreements with Colombia and Panama and South Korea. Many products from these nations now enter America duty free, yet many of our products face steep tariffs in their markets. These agreements will level the playing field. They will give us better access to nearly 100 million customers. They will support good jobs for the finest workers in the world, those whose products say ""Made in the U.S.A."" 

These agreements also promote America's strategic interests. The first agreement that will come before you is with Colombia, a friend of America that is confronting violence and terror and fighting drug traffickers. If we fail to pass this agreement, we will embolden the purveyors of false populism in our hemisphere. So we must come together, pass this agreement, and show our neighbors in the region that democracy leads to a better life. 

Trade brings better jobs and better choices and better prices. Yet for some Americans, trade can mean losing a job, and the Federal Government has a responsibility to help. I ask Congress to reauthorize and reform trade adjustment assistance so we can help these displaced workers learn new skills and find new jobs. 

To build a future of energy security, we must trust in the creative genius of American researchers and entrepreneurs and empower them to pioneer a new generation of clean energy technology. Our security, our prosperity, and our environment all require reducing our dependence on oil. 

Last year, I asked you to pass legislation to reduce oil consumption over the next decade, and you responded. Together, we should take the next steps. Let us fund new technologies that can generate coal power while capturing carbon emissions. Let us increase the use of renewable power and emissions-free nuclear power. Let us continue investing in advanced battery technology and renewable fuels to power the cars and trucks of the future. Let us create a new international clean technology fund, which will help developing nations like India and China make a greater use of clean energy sources. And let us complete an international agreement that has the potential to slow, stop, and eventually reverse the growth of greenhouse gases. 

This agreement will be effective only if it includes commitments by every major economy and gives none a free ride. The United States is committed to strengthening our energy security and confronting global climate change. And the best way to meet these goals is for America to continue leading the way toward the development of cleaner and more energy efficient technology. 

To keep America competitive into the future, we must trust in the skill of our scientists and engineers and empower them to pursue the breakthroughs of tomorrow. Last year, Congress passed legislation supporting the American Competitiveness Initiative, but never followed through with the funding. This funding is essential to keeping our scientific edge. So I ask Congress to double Federal support for critical basic research in the physical sciences and ensure America remains the most dynamic nation on Earth. 

On matters of life and science, we must trust in the innovative spirit of medical researchers and empower them to discover new treatments while respecting moral boundaries. In November, we witnessed a landmark achievement when scientists discovered a way to reprogram adult skin cells to act like embryonic stem cells. This breakthrough has the potential to move us beyond the divisive debates of the past by extending the frontiers of medicine without the destruction of human life. 

So we're expanding funding for this type of ethical medical research. And as we explore promising avenues of research, we must also ensure that all life is treated with the dignity it deserves. And so I call on Congress to pass legislation that bans unethical practices, such as the buying, selling, patenting, or cloning of human life. 

On matters of justice, we must trust in the wisdom of our Founders and empower judges who understand that the Constitution means what it says. I've submitted judicial nominees who will rule by the letter of the law, not the whim of the gavel. Many of these nominees are being unfairly delayed. They are worthy of confirmation, and the Senate should give each of them a prompt up-or-down vote. 

In communities across our land, we must trust in the good heart of the American people and empower them to serve their neighbors in need. Over the past 7 years, more of our fellow citizens have discovered that the pursuit of happiness leads to the path of service. Americans have volunteered in record numbers. Charitable donations are higher than ever. Faith-based groups are bringing hope to pockets of despair, with newfound support from the Federal Government. And to help guarantee equal treatment of faith-based organizations when they compete for Federal funds, I ask you to permanently extend charitable choice. 

Tonight the armies of compassion continue the march to a new day in the Gulf Coast. America honors the strength and resilience of the people of this region. We reaffirm our pledge to help them build stronger and better than before. And tonight I'm pleased to announce that in April, we will host this year's North American Summit of Canada, Mexico, and the United States in the great city of New Orleans. 

There are two other pressing challenges that I've raised repeatedly before this body and that this body has failed to address: entitlement spending and immigration. Every Member in this Chamber knows that spending on entitlement programs like Social Security, Medicare, and Medicaid is growing faster than we can afford. We all know the painful choices ahead if America stays on this path: massive tax increases, sudden and drastic cuts in benefits, or crippling deficits. I've laid out proposals to reform these programs. Now I ask Members of Congress to offer your proposals and come up with a bipartisan solution to save these vital programs for our children and our grandchildren. 

The other pressing challenge is immigration. America needs to secure our borders, and with your help, my administration is taking steps to do so. We're increasing worksite enforcement, deploying fences and advanced technologies to stop illegal crossings. We've effectively ended the policy of catch-and-release at the border, and by the end of this year, we will have doubled the number of Border Patrol agents. Yet we also need to acknowledge that we will never fully secure our border until we create a lawful way for foreign workers to come here and support our economy. This will take pressure off the border and allow law enforcement to concentrate on those who mean us harm. 

We must also find a sensible and humane way to deal with people here illegally. Illegal immigration is complicated, but it can be resolved. And it must be resolved in a way that upholds both our laws and our highest ideals. 

This is the business of our Nation here at home. Yet building a prosperous future for our citizens also depends on confronting enemies abroad and advancing liberty in troubled regions of the world. 

Our foreign policy is based on a clear premise: We trust that people, when given the chance, will choose a future of freedom and peace. In the last 7 years, we have witnessed stirring moments in the history of liberty. We've seen citizens in Georgia and Ukraine stand up for their right to free and fair elections. We've seen people in Lebanon take to the streets to demand their independence. We've seen Afghans emerge from the tyranny of the Taliban and choose a new President and a new parliament. We've seen jubilant Iraqis holding up ink-stained fingers and celebrating their freedom. These images of liberty have inspired us. 

In the past 7 years, we've also seen the images that have sobered us. We've watched throngs of mourners in Lebanon and Pakistan carrying the caskets of beloved leaders taken by the assassin's hand. We've seen wedding guests in blood-soaked finery staggering from a hotel in Jordan, Afghans and Iraqis blown up in mosques and markets, and trains in London and Madrid ripped apart by bombs. On a clear September day, we saw thousands of our fellow citizens taken from us in an instant. These horrific images serve as a grim reminder: The advance of liberty is opposed by terrorists and extremists, evil men who despise freedom, despise America, and aim to subject millions to their violent rule. 

Since 9/11, we have taken the fight to these terrorists and extremists. We will stay on the offense, we will keep up the pressure, and we will deliver justice to our enemies. 

We are engaged in the defining ideological struggle of the 21st century. The terrorists oppose every principle of humanity and decency that we hold dear. Yet in this war on terror, there is one thing we and our enemies agree on: In the long run, men and women who are free to determine their own destinies will reject terror and refuse to live in tyranny. And that is why the terrorists are fighting to deny this choice to the people in Lebanon, Iraq, Afghanistan, Pakistan, and the Palestinian Territories. And that is why, for the security of America and the peace of the world, we are spreading the hope of freedom. 

In Afghanistan, America, our 25 NATO allies, and 15 partner nations are helping the Afghan people defend their freedom and rebuild their country. Thanks to the courage of these military and civilian personnel, a nation that was once a safe haven for Al Qaida is now a young democracy where boys and girls are going to school, new roads and hospitals are being built, and people are looking to the future with new hope. These successes must continue, so we're adding 3,200 marines to our forces in Afghanistan, where they will fight the terrorists and train the Afghan Army and police. Defeating the Taliban and Al Qaida is critical to our security, and I thank the Congress for supporting America's vital mission in Afghanistan. 

In Iraq, the terrorists and extremists are fighting to deny a proud people their liberty and fighting to establish safe havens for attacks across the world. One year ago, our enemies were succeeding in their efforts to plunge Iraq into chaos. So we reviewed our strategy and changed course. We launched a surge of American forces into Iraq. We gave our troops a new mission: work with the Iraqi forces to protect the Iraqi people, pursue the enemy in its strongholds, and deny the terrorists sanctuary anywhere in the country. 

The Iraqi people quickly realized that something dramatic had happened. Those who had worried that America was preparing to abandon them instead saw tens of thousands of American forces flowing into their country. They saw our forces moving into neighborhoods, clearing out the terrorists, and staying behind to ensure the enemy did not return. And they saw our troops, along with Provincial Reconstruction Teams that include Foreign Service officers and other skilled public servants, coming in to ensure that improved security was followed by improvements in daily life. Our military and civilians in Iraq are performing with courage and distinction, and they have the gratitude of our whole Nation. 

The Iraqis launched a surge of their own. In the fall of 2006, Sunni tribal leaders grew tired of Al Qaida's brutality, started a popular uprising called the Anbar Awakening. Over the past year, similar movements have spread across the country. And today, the grassroots surge includes more than 80,000 Iraqi citizens who are fighting the terrorists. The Government in Baghdad has stepped forward as well, adding more than 100,000 new Iraqi soldiers and police during the past year. 

While the enemy is still dangerous and more work remains, the American and Iraqi surges have achieved results few of us could have imagined just 1 year ago. When we met last year, many said that containing the violence was impossible. A year later, high-profile terrorist attacks are down, civilian deaths are down, sectarian killings are down. 

When we met last year, militia extremists-;some armed and trained by Iran-; were wreaking havoc in large areas of Iraq. A year later, coalition and Iraqi forces have killed or captured hundreds of militia fighters. And Iraqis of all backgrounds increasingly realize that defeating these militia fighters is critical to the future of their country. 

When we met last year, Al Qaida had sanctuaries in many areas of Iraq, and their leaders had just offered American forces safe passage out of the country. Today, it is Al Qaida that is searching for safe passage. They have been driven from many of the strongholds they once held. And over the past year, we've captured or killed thousands of extremists in Iraq, including hundreds of key Al Qaida leaders and operatives. 

Last month, Usama bin Laden released a tape in which he railed against Iraqi tribal leaders who have turned on Al Qaida and admitted that coalition forces are growing stronger in Iraq. Ladies and gentlemen, some may deny the surge is working, but among the terrorists there is no doubt. Al Qaida is on the run in Iraq, and this enemy will be defeated. 

When we met last year, our troop levels in Iraq were on the rise. Today, because of the progress just described, we are implementing a policy of return on success, and the surge forces we sent to Iraq are beginning to come home. 

This progress is a credit to the valor of our troops and the brilliance of their commanders. This evening I want to speak directly to our men and women on the frontlines. Soldiers and sailors, airmen, marines, and coastguardsmen: In the past year, you have done everything we've asked of you and more. Our Nation is grateful for your courage. We are proud of your accomplishments. And tonight in this hallowed Chamber, with the American people as our witness, we make you a solemn pledge: In the fight ahead, you will have all you need to protect our Nation. And I ask Congress to meet its responsibilities to these brave men and women by fully funding our troops. 

Our enemies in Iraq have been hit hard. They are not yet defeated, and we can still expect tough fighting ahead. Our objective in the coming year is to sustain and build on the gains we made in 2007 while transitioning to the next phase of our strategy. American troops are shifting from leading operations to partnering with Iraqi forces and, eventually, to a protective overwatch mission. As part of this transition, one Army brigade combat team and one Marine expeditionary unit have already come home and will not be replaced. In the coming months, four additional brigades and two Marine battalions will follow suit. Taken together, this means more than 20,000 of our troops are coming home. 

Any further drawdown of U.S. troops will be based on conditions in Iraq and the recommendations of our commanders. General Petraeus has warned that too fast a drawdown could result in, quote, ""the disintegration of the Iraqi security forces, Al Qaida-Iraq regaining lost ground, and a marked increase in violence."" Members of Congress, having come so far and achieved so much, we must not allow this to happen. 

In the coming year, we will work with Iraqi leaders as they build on the progress they're making toward political reconciliation. At the local level, Sunnis, Shi'a, and Kurds are beginning to come together to reclaim their communities and rebuild their lives. Progress in the Provinces must be matched by progress in Baghdad. We're seeing some encouraging signs. The national Government is sharing oil revenues with the Provinces. The parliament recently passed both a pension law and de-Ba'athification reform. They're now debating a Provincial powers law. The Iraqis still have a distance to travel, but after decades of dictatorship and the pain of sectarian violence, reconciliation is taking place, and the Iraqi people are taking control of their future. 

The mission in Iraq has been difficult and trying for our Nation, but it is in the vital interest of the United States that we succeed. A free Iraq will deny Al Qaida a safe haven. A free Iraq will show millions across the Middle East that a future of liberty is possible. A free Iraq will be a friend of America, a partner in fighting terror, and a source of stability in a dangerous part of the world. 

By contrast, a failed Iraq would embolden the extremists, strengthen Iran, and give terrorists a base from which to launch new attacks on our friends, our allies, and our homeland. The enemy has made its intentions clear. At a time when the momentum seemed to favor them, Al Qaida's top commander in Iraq declared that they will not rest until they have attacked us here in Washington. My fellow Americans, we will not rest either. We will not rest until this enemy has been defeated. We must do the difficult work today so that years from now, people will look back and say that this generation rose to the moment, prevailed in a tough fight, and left behind a more hopeful region and a safer America. 

We're also standing against the forces of extremism in the Holy Land, where we have new cause for hope. Palestinians have elected a President who recognizes that confronting terror is essential to achieving a state where his people can live in dignity and at peace with Israel. Israelis have leaders who recognize that a peaceful, democratic Palestinian state will be a source of lasting security. This month in Ramallah and Jerusalem, I assured leaders from both sides that America will do, and I will do, everything we can to help them achieve a peace agreement that defines a Palestinian state by the end of this year. The time has come for a Holy Land where a democratic Israel and a democratic Palestine live side by side in peace. 

We're also standing against the forces of extremism embodied by the regime in Tehran. Iran's rulers oppress a good and talented people. And wherever freedom advances in the Middle East, it seems the Iranian regime is there to oppose it. Iran is funding and training militia groups in Iraq, supporting Hizballah terrorists in Lebanon, and backing Hamas efforts to undermine peace in the Holy Land. Tehran is also developing ballistic missiles of increasing range and continues to develop its capability to enrich uranium, which could be used to create a nuclear weapon. 

Our message to the people of Iran is clear: We have no quarrel with you. We respect your traditions and your history. We look forward to the day when you have your freedom. Our message to the leaders of Iran is also clear: Verifiably suspend your nuclear enrichment so negotiations can begin. And to rejoin the community of nations, come clean about your nuclear intentions and past actions, stop your oppression at home, cease your support for terror abroad. But above all, know this: America will confront those who threaten our troops, we will stand by our allies, and we will defend our vital interests in the Persian Gulf. 

On the homefront, we will continue to take every lawful and effective measure to protect our country. This is our most solemn duty. We are grateful that there has not been another attack on our soil since 9/11. This is not for the lack of desire or effort on the part of the enemy. In the past 6 years, we've stopped numerous attacks, including a plot to fly a plane into the tallest building in Los Angeles and another to blow up passenger jets bound for America over the Atlantic. Dedicated men and women in our Government toil day and night to stop the terrorists from carrying out their plans. These good citizens are saving American lives, and everyone in this Chamber owes them our thanks. 

And we owe them something more; we owe them the tools they need to keep our people safe. And one of the most important tools we can give them is the ability to monitor terrorist communications. To protect America, we need to know who the terrorists are talking to, what they are saying, and what they're planning. Last year, Congress passed legislation to help us do that. Unfortunately, Congress set the legislations to expire on February the 1st. That means if you don't act by Friday, our ability to track terrorist threats would be weakened and our citizens will be in greater danger. Congress must ensure the flow of vital intelligence is not disrupted. Congress must pass liability protection for companies believed to have assisted in the efforts to defend America. We've had ample time for debate. The time to act is now. 

Protecting our Nation from the dangers of a new century requires more than good intelligence and a strong military. It also requires changing the conditions that breed resentment and allow extremists to prey on despair. So America is using its influence to build a freer, more hopeful, and more compassionate world. This is a reflection of our national interests; it is the calling of our conscience. 

America opposes genocide in Sudan. We support freedom in countries from Cuba and Zimbabwe to Belarus and Burma. 

America is leading the fight against global poverty with strong education initiatives and humanitarian assistance. We've also changed the way we deliver aid by launching the Millennium Challenge Account. This program strengthens democracy, transparency, and the rule of law in developing nations, and I ask you to fully fund this important initiative. 

America is leading the fight against global hunger. Today, more than half the world's food aid comes from the United States. And tonight I ask Congress to support an innovative proposal to provide food assistance by purchasing crops directly from farmers in the developing world, so we can build up local agriculture and help break the cycle of famine. 

America is leading the fight against disease. With your help, we're working to cut by half the number of malaria-related deaths in 15 African nations. And our Emergency Plan for AIDS Relief is treating 1.4 million people. We can bring healing and hope to many more. So I ask you to maintain the principles that have changed behavior and made this program a success. And I call on you to double our initial commitment to fighting HIV/AIDS by approving an additional $30 billion over the next 5 years. 

America is a force for hope in the world because we are a compassionate people, and some of the most compassionate Americans are those who have stepped forward to protect us. We must keep faith with all who have risked life and limb so that we might live in freedom and peace. Over the past 7 years, we've increased funding for veterans by more than 95 percent. And as we increase funding, we must also reform our veterans system to meet the needs of a new war and a new generation. I call on Congress to enact the reforms recommended by Senator Bob Dole and Secretary Donna Shalala so we can improve the system of care for our wounded warriors and help them build lives of hope and promise and dignity. 

Our military families also sacrifice for America. They endure sleepless nights and the daily struggle of providing for children while a loved one is serving far from home. We have a responsibility to provide for them. So I ask you to join me in expanding their access to child care, creating new hiring preferences for military spouses across the Federal Government, and allowing our troops to transfer their unused education benefits to their spouses or children. Our military families serve our Nation, they inspire our Nation, and tonight our Nation honors them. 

The strength-;the secret of our strength, the miracle of America, is that our greatness lies not in our Government, but in the spirit and determination of our people. When the Federal Convention met in Philadelphia in 1787, our Nation was bound by the Articles of Confederation, which began with the words, ""We the undersigned delegates."" When Gouverneur Morris was asked to draft the preamble to our new Constitution, he offered an important revision and opened with words that changed the course of our Nation and the history of the world: ""We the people."" 

By trusting the people, our Founders wagered that a great and noble nation could be built on the liberty that resides in the hearts of all men and women. By trusting the people, succeeding generations transformed our fragile, young democracy into the most powerful nation on Earth and a beacon of hope for millions. And so long as we continue to trust the people, our Nation will prosper, our liberty will be secure, and the state of our Union will remain strong. 

So tonight, with confidence in freedom's power and trust in the people, let us set forth to do their business. God bless America.
"
230,Barack Obama,2010,Democratic,speech,"Madam Speaker, Vice President Biden, Members of Congress, distinguished guests, and fellow Americans: Our Constitution declares that from time to time, the President shall give to Congress information about the state of our Union. For 220 years, our leaders have fulfilled this duty. They've done so during periods of prosperity and tranquility, and they've done so in the midst of war and depression, at moments of great strife and great struggle.

It's tempting to look back on these moments and assume that our progress was inevitable, that America was always destined to succeed. But when the Union was turned back at Bull Run and the Allies first landed at Omaha Beach, victory was very much in doubt. When the market crashed on Black Tuesday and marchers were beaten on Bloody Sunday, the future was anything but certain. These were the times that tested the courage of our convictions and the strength of our Union. And despite all our divisions and disagreements, our hesitations and our fears, America prevailed because we chose to move forward as one Nation, as one people. Again, we are tested. And again, we must answer history's call.

One year ago, I took office amid two wars, an economy rocked by a severe recession, a financial system on the verge of collapse, and a Government deeply in debt. Experts from across the political spectrum warned that if we did not act, we might face a second depression. So we acted, immediately and aggressively. And 1 year later, the worst of the storm has passed.

But the devastation remains. One in 10 Americans still cannot find work. Many businesses have shuttered. Home values have declined. Small towns and rural communities have been hit especially hard. And for those who'd already known poverty, life's become that much harder.

This recession has also compounded the burdens that America's families have been dealing with for decades: the burden of working harder and longer for less, of being unable to save enough to retire or help kids with college.

So I know the anxieties that are out there right now. They're not new. These struggles are the reason I ran for President. These struggles are what I've witnessed for years, in places like Elkhart, Indiana; Galesburg, Illinois. I hear about them in the letters that I read each night. The toughest to read are those written by children asking why they have to move from their home, asking when their mom or dad will be able to go back to work.

For these Americans and so many others, change has not come fast enough. Some are frustrated, some are angry. They don't understand why it seems like bad behavior on Wall Street is rewarded, but hard work on Main Street isn't, or why Washington has been unable or unwilling to solve any of our problems. They're tired of the partisanship and the shouting and the pettiness. They know we can't afford it. Not now.

So we face big and difficult challenges. And what the American people hope, what they deserve, is for all of us, Democrats and Republicans, to work through our differences, to overcome the numbing weight of our politics. For while the people who sent us here have different backgrounds, different stories, different beliefs, the anxieties they face are the same. The aspirations they hold are shared: a job that pays the bills, a chance to get ahead, most of all, the ability to give their children a better life.

And you know what else they share? They share a stubborn resilience in the face of adversity. After one of the most difficult years in our history, they remain busy building cars and teaching kids, starting businesses and going back to school. They're coaching Little League and helping their neighbors. One woman wrote to me and said, ""We are strained but hopeful, struggling but encouraged.""

It's because of this spirit, this great decency and great strength, that I have never been more hopeful about America's future than I am tonight. Despite our hardships, our Union is strong. We do not give up. We do not quit. We do not allow fear or division to break our spirit. In this new decade, it's time the American people get a Government that matches their decency, that embodies their strength. And tonight I'd like to talk about how together we can deliver on that promise.

It begins with our economy. Our most urgent task upon taking office was to shore up the same banks that helped cause this crisis. It was not easy to do. And if there's one thing that has unified Democrats and Republicans and everybody in between, it's that we all hated the bank bailout. I hated it. I hated it; you hated it. It was about as popular as a root canal. [Laughter] 

But when I ran for President, I promised I wouldn't just do what was popular; I would do what was necessary. And if we had allowed the meltdown of the financial system, unemployment might be double what it is today. More businesses would certainly have closed. More homes would have surely been lost.

So I supported the last administration's efforts to create the financial rescue program. And when we took that program over, we made it more transparent and more accountable. And as a result, the markets are now stabilized, and we've recovered most of the money we spent on the banks--most but not all.

To recover the rest, I've proposed a fee on the biggest banks. Now, I know Wall Street isn't keen on this idea. But if these firms can afford to hand out big bonuses again, they can afford a modest fee to pay back the taxpayers who rescued them in their time of need.

Now, as we stabilized the financial system, we also took steps to get our economy growing again, save as many jobs as possible, and help Americans who had become unemployed. That's why we extended or increased unemployment benefits for more than 18 million Americans, made health insurance 65 percent cheaper for families who get their coverage through COBRA, and passed 25 different tax cuts.

Now, let me repeat: We cut taxes. We cut taxes for 95 percent of working families. We cut taxes for small businesses. We cut taxes for first-time home buyers. We cut taxes for parents trying to care for their children. We cut taxes for 8 million Americans paying for college.  I thought I'd get some applause on that one. [Laughter] 

As a result, millions of Americans had more to spend on gas and food and other necessities, all of which helped businesses keep more workers. And we haven't raised income taxes by a single dime on a single person--not a single dime.

Now, because of the steps we took, there are about 2 million Americans working right now who would otherwise be unemployed. Two hundred thousand work in construction and clean energy. Three hundred thousand are teachers and other education workers. Tens of thousands are cops, firefighters, correctional officers, first-responders. And we're on track to add another 1 1/2 million jobs to this total by the end of the year.

The plan that has made all of this possible, from the tax cuts to the jobs, is the Recovery Act. That's right, the Recovery Act, also known as the stimulus bill. Economists on the left and the right say this bill has helped save jobs and avert disaster. But you don't have to take their word for it. Talk to the small business in Phoenix that will triple its workforce because of the Recovery Act. Talk to the window manufacturer in Philadelphia who said he used to be skeptical about the Recovery Act, until he had to add two more work shifts just because of the business it created. Talk to the single teacher raising two kids who was told by her principal in the last week of school that because of the Recovery Act, she wouldn't be laid off after all.

There are stories like this all across America. And after 2 years of recession, the economy is growing again. Retirement funds have started to gain back some of their value. Businesses are beginning to invest again, and slowly some are starting to hire again.

But I realize that for every success story, there are other stories, of men and women who wake up with the anguish of not knowing where their next paycheck will come from, who send out resumes week after week and hear nothing in response. That is why jobs must be our number-one focus in 2010, and that's why I'm calling for a new jobs bill tonight.

Now, the true engine of job creation in this country will always be America's businesses.  I agree, absolutely. But Government can create the conditions necessary for businesses to expand and hire more workers. We should start where most new jobs do, in small businesses, companies that begin when an entrepreneur takes a chance on a dream or a worker decides it's time she became her own boss. Through sheer grit and determination, these companies have weathered the recession, and they're ready to grow. But when you talk to small-business owners in places like Allentown, Pennsylvania, or Elyria, Ohio, you find out that even though banks on Wall Street are lending again, they're mostly lending to bigger companies. Financing remains difficult for small-business owners across the country, even those that are making a profit.

So tonight I'm proposing that we take $30 billion of the money Wall Street banks have repaid and use it to help community banks give small businesses the credit they need to stay afloat. I'm also proposing a new small business tax credit, one that will go to over 1 million small businesses who hire new workers or raise wages. While we're at it, let's also eliminate all capital gains taxes on small-business investment and provide a tax incentive for all large businesses and all small businesses to invest in new plants and equipment.

Next, we can put Americans to work today building the infrastructure of tomorrow. From the first railroads to the Interstate Highway System, our Nation has always been built to compete. There's no reason Europe or China should have the fastest trains or the new factories that manufacture clean energy products. Tomorrow I'll visit Tampa, Florida, where workers will soon break ground on a new high-speed railroad funded by the Recovery Act. There are projects like that all across this country that will create jobs and help move our Nation's goods, services, and information.

We should put more Americans to work building clean energy facilities and give rebates to Americans who make their homes more energy efficient, which supports clean energy jobs. And to encourage these and other businesses to stay within our borders, it is time to finally slash the tax breaks for companies that ship our jobs overseas and give those tax breaks to companies that create jobs right here in the United States of America.

Now, the House has passed a jobs bill that includes some of these steps. As the first order of business this year, I urge the Senate to do the same, and I know they will. They will. People are out of work. They're hurting. They need our help. And I want a jobs bill on my desk without delay.

But the truth is, these steps won't make up for the 7 million jobs that we've lost over the last 2 years. The only way to move to full employment is to lay a new foundation for long-term economic growth and finally address the problems that America's families have confronted for years.

We can't afford another so-called economic expansion like the one from the last decade, what some call the ""lost decade,"" where jobs grew more slowly than during any prior expansion, where the income of the average American household declined while the cost of health care and tuition reached record highs, where prosperity was built on a housing bubble and financial speculation.

From the day I took office, I've been told that addressing our larger challenges is too ambitious; such an effort would be too contentious. I've been told that our political system is too gridlocked and that we should just put things on hold for a while. For those who make these claims, I have one simple question: How long should we wait? How long should America put its future on hold?

You see, Washington has been telling us to wait for decades, even as the problems have grown worse. Meanwhile, China's not waiting to revamp its economy. Germany's not waiting. India's not waiting. These nations are--they're not standing still. These nations aren't playing for second place. They're putting more emphasis on math and science. They're rebuilding their infrastructure. They're making serious investments in clean energy because they want those jobs. Well, I do not accept second place for the United States of America. As hard as it may be, as uncomfortable and contentious as the debates may become, it's time to get serious about fixing the problems that are hampering our growth.

Now, one place to start is serious financial reform. Look, I am not interested in punishing banks. I'm interested in protecting our economy. A strong, healthy financial market makes it possible for businesses to access credit and create new jobs. It channels the savings of families into investments that raise incomes. But that can only happen if we guard against the same recklessness that nearly brought down our entire economy.

We need to make sure consumers and middle class families have the information they need to make financial decisions. We can't allow financial institutions, including those that take your deposits, to take risks that threaten the whole economy.

Now, the House has already passed financial reform with many of these changes, and the lobbyists are trying to kill it. But we cannot let them win this fight. And if the bill that ends up on my desk does not meet the test of real reform, I will send it back until we get it right. We've got to get it right.

Next, we need to encourage American innovation. Last year, we made the largest investment in basic research funding in history, an investment that could lead to the world's cheapest solar cells or treatment that kills cancer cells, but leaves healthy ones untouched. And no area is more ripe for such innovation than energy. You can see the results of last year's investments in clean energy in the North Carolina company that will create 1,200 jobs nationwide helping to make advanced batteries or in the California business that will put a thousand people to work making solar panels.

But to create more of these clean energy jobs, we need more production, more efficiency, more incentives. And that means building a new generation of safe, clean nuclear power plants in this country. It means making tough decisions about opening new offshore areas for oil and gas development. It means continued investment in advanced biofuels and clean coal technologies. And yes, it means passing a comprehensive energy and climate bill with incentives that will finally make clean energy the profitable kind of energy in America. Now, I am grateful to the House for passing such a bill last year. And this year, I'm eager to help advance the bipartisan effort in the Senate.

I know there have been questions about whether we can afford such changes in a tough economy. I know that there are those who disagree with the overwhelming scientific evidence on climate change. But here's the thing: Even if you doubt the evidence, providing incentives for energy efficiency and clean energy are the right thing to do for our future, because the nation that leads the clean energy economy will be the nation that leads the global economy. And America must be that nation.

Third, we need to export more of our goods, because the more products we make and sell to other countries, the more jobs we support right here in America. So tonight we set a new goal: We will double our exports over the next 5 years, an increase that will support 2 million jobs in America. To help meet this goal, we're launching a National Export Initiative that will help farmers and small businesses increase their exports and reform export controls consistent with national security.

We have to seek new markets aggressively, just as our competitors are. If America sits on the sidelines while other nations sign trade deals, we will lose the chance to create jobs on our shores. But realizing those benefits also means enforcing those agreements so our trading partners play by the rules. And that's why we'll continue to shape a Doha trade agreement that opens global markets and why we will strengthen our trade relations in Asia and with key partners like South Korea and Panama and Colombia.

Fourth, we need to invest in the skills and education of our people. Now, this year, we've broken through the stalemate between left and right by launching a national competition to improve our schools. And the idea here is simple: Instead of rewarding failure, we only reward success. Instead of funding the status quo, we only invest in reform, reform that raises student achievement, inspires students to excel in math and science, and turns around failing schools that steal the future of too many young Americans, from rural communities to the inner city. In the 21st century, the best antipoverty program around is a world-class education. And in this country, the success of our children cannot depend more on where they live than on their potential. When we renew the Elementary and Secondary Education Act, we will work with Congress to expand these reforms to all 50 States.

Still, in this economy, a high school diploma no longer guarantees a good job. That's why I urge the Senate to follow the House and pass a bill that will revitalize our community colleges, which are a career pathway to the children of so many working families.

To make college more affordable, this bill will finally end the unwarranted taxpayer subsidies that go to banks for student loans. Instead, let's take that money and give families a $10,000 tax credit for 4 years of college and increase Pell grants. And let's tell another 1 million students that when they graduate, they will be required to pay only 10 percent of their income on student loans and all of their debt will be forgiven after 20 years and forgiven after 10 years if they choose a career in public service, because in the United States of America, no one should go broke because they chose to go to college. And by the way, it's time for colleges and universities to get serious about cutting their own costs, because they too have a responsibility to help solve this problem.

Now, the price of college tuition is just one of the burdens facing the middle class. That's why last year, I asked Vice President Biden to chair a task force on middle class families. That's why we're nearly doubling the childcare tax credit and making it easier to save for retirement by giving access to every worker a retirement account and expanding the tax credit for those who start a nest egg. That's why we're working to lift the value of a family's single largest investment, their home. The steps we took last year to shore up the housing market have allowed millions of Americans to take out new loans and save an average of $1,500 on mortgage payments. This year, we will step up refinancing so that homeowners can move into more affordable mortgages.

And it is precisely to relieve the burden on middle class families that we still need health insurance reform. Yes, we do.

Now, let's clear a few things up. I didn't choose to tackle this issue to get some legislative victory under my belt. And by now it should be fairly obvious that I didn't take on health care because it was good politics. [Laughter] I took on health care because of the stories I've heard from Americans with preexisting conditions whose lives depend on getting coverage, patients who've been denied coverage, families, even those with insurance, who are just one illness away from financial ruin.

After nearly a century of trying--Democratic administrations, Republican administrations--we are closer than ever to bringing more security to the lives of so many Americans. The approach we've taken would protect every American from the worst practices of the insurance industry. It would give small businesses and uninsured Americans a chance to choose an affordable health care plan in a competitive market. It would require every insurance plan to cover preventive care.

And by the way, I want to acknowledge our First Lady, Michelle Obama, who this year is creating a national movement to tackle the epidemic of childhood obesity and make kids healthier.  Thank you, honey. She gets embarrassed. [Laughter] 

Our approach would preserve the right of Americans who have insurance to keep their doctor and their plan. It would reduce costs and premiums for millions of families and businesses. And according to the Congressional Budget Office, the independent organization that both parties have cited as the official scorekeeper for Congress, our approach would bring down the deficit by as much as $1 trillion over the next two decades.

Still, this is a complex issue, and the longer it was debated, the more skeptical people became. I take my share of the blame for not explaining it more clearly to the American people. And I know that with all the lobbying and horse-trading, the process left most Americans wondering, ""What's in it for me?""

But I also know this problem is not going away. By the time I'm finished speaking tonight, more Americans will have lost their health insurance. Millions will lose it this year. Our deficit will grow. Premiums will go up. Patients will be denied the care they need. Small-business owners will continue to drop coverage altogether. I will not walk away from these Americans, and neither should the people in this Chamber.

So as temperatures cool, I want everyone to take another look at the plan we've proposed. There's a reason why many doctors, nurses, and health care experts who know our system best consider this approach a vast improvement over the status quo. But if anyone from either party has a better approach that will bring down premiums, bring down the deficit, cover the uninsured, strengthen Medicare for seniors, and stop insurance company abuses, let me know. Let me know. Let me know. I'm eager to see it.

Here's what I ask Congress, though: Don't walk away from reform. Not now. Not when we are so close. Let us find a way to come together and finish the job for the American people. Let's get it done. Let's get it done.

Now, even as health care reform would reduce our deficit, it's not enough to dig us out of a massive fiscal hole in which we find ourselves. It's a challenge that makes all others that much harder to solve and one that's been subject to a lot of political posturing. So let me start the discussion of Government spending by setting the record straight.

At the beginning of the last decade, the year 2000, America had a budget surplus of over $200 billion. By the time I took office, we had a 1-year deficit of over $1 trillion and projected deficits of $8 trillion over the next decade. Most of this was the result of not paying for two wars, two tax cuts, and an expensive prescription drug program. On top of that, the effects of the recession put a $3 trillion hole in our budget. All this was before I walked in the door. [Laughter] 

Now--[applause]--just stating the facts. Now, if we had taken office in ordinary times, I would have liked nothing more than to start bringing down the deficit. But we took office amid a crisis. And our efforts to prevent a second depression have added another $1 trillion to our national debt. That too is a fact.

I'm absolutely convinced that was the right thing to do. But families across the country are tightening their belts and making tough decisions. The Federal Government should do the same. So tonight I'm proposing specific steps to pay for the trillion dollars that it took to rescue the economy last year.

Starting in 2011, we are prepared to freeze Government spending for 3 years. Spending related to our national security, Medicare, Medicaid, and Social Security will not be affected. But all other discretionary Government programs will. Like any cash-strapped family, we will work within a budget to invest in what we need and sacrifice what we don't. And if I have to enforce this discipline by veto, I will.

We will continue to go through the budget, line by line, page by page, to eliminate programs that we can't afford and don't work. We've already identified $20 billion in savings for next year. To help working families, we'll extend our middle class tax cuts. But at a time of record deficits, we will not continue tax cuts for oil companies, for investment fund managers, and for those making over $250,000 a year. We just can't afford it.

Now, even after paying for what we spent on my watch, we'll still face the massive deficit we had when I took office. More importantly, the cost of Medicare, Medicaid, and Social Security will continue to skyrocket. That's why I've called for a bipartisan fiscal commission, modeled on a proposal by Republican Judd Gregg and Democrat Kent Conrad. This can't be one of those Washington gimmicks that lets us pretend we solve a problem. The commission will have to provide a specific set of solutions by a certain deadline.

Now, yesterday the Senate blocked a bill that would have created this commission, so I'll issue an Executive order that will allow us to go forward, because I refuse to pass this problem on to another generation of Americans. And when the vote comes tomorrow, the Senate should restore the pay-as-you-go law that was a big reason for why we had record surpluses in the 1990s.

Now, I know that some in my own party will argue that we can't address the deficit or freeze Government spending when so many are still hurting. And I agree, which is why this freeze won't take effect until next year, when the economy is stronger. That's how budgeting works. [Laughter] But understand, if we don't take meaningful steps to rein in our debt, it could damage our markets, increase the cost of borrowing, and jeopardize our recovery, all of which would have an even worse effect on our job growth and family incomes.

From some on the right, I expect we'll hear a different argument, that if we just make fewer investments in our people, extend tax cuts, including those for the wealthier Americans, eliminate more regulations, maintain the status quo on health care, our deficits will go away. The problem is, that's what we did for 8 years. That's what helped us into this crisis. It's what helped lead to these deficits. We can't do it again.

Rather than fight the same tired battles that have dominated Washington for decades, it's time to try something new. Let's invest in our people without leaving them a mountain of debt. Let's meet our responsibility to the citizens who sent us here. Let's try common sense--[Laughter]--a novel concept.

Now, to do that, we have to recognize that we face more than a deficit of dollars right now. We face a deficit of trust, deep and corrosive doubts about how Washington works that have been growing for years. To close that credibility gap, we have to take action on both ends of Pennsylvania Avenue to end the outsized influence of lobbyists, to do our work openly, to give our people the Government they deserve.

Now, that's what I came to Washington to do. That's why, for the first time in history, my administration posts on--our White House visitors online. That's why we've excluded lobbyists from policymaking jobs or seats on Federal boards and commissions. But we can't stop there. It's time to require lobbyists to disclose each contact they make on behalf of a client, with my administration or with Congress. It's time to put strict limits on the contributions that lobbyists give to candidates for Federal office.

With all due deference to separation of powers, last week, the Supreme Court reversed a century of law that I believe will open the floodgates for special interests, including foreign corporations, to spend without limit in our elections. I don't think American elections should be bankrolled by America's most powerful interests, or worse, by foreign entities. They should be decided by the American people. And I'd urge Democrats and Republicans to pass a bill that helps correct some of these problems.

I'm also calling on Congress to continue down the path of earmark reform, Democrats and Republicans--Democrats and Republicans. Look, you've trimmed some of this spending, you've embraced some meaningful change, but restoring the public trust demands more. For example, some Members of Congress post some earmark requests online. Tonight I'm calling on Congress to publish all earmark requests on a single web site before there's a vote so that the American people can see how their money is being spent.

Of course, none of these reforms will even happen if we don't also reform how we work with one another. Now, I'm not naive. I never thought that the mere fact of my election would usher in peace and harmony and--[Laughter]--some postpartisan era. I knew that both parties have fed divisions that are deeply entrenched. And on some issues, there are simply philosophical differences that will always cause us to part ways. These disagreements, about the role of government in our lives, about our national priorities and our national security, they've been taking place for over 200 years. They're the very essence of our democracy.

But what frustrates the American people is a Washington where every day is election day. We can't wage a perpetual campaign where the only goal is to see who can get the most embarrassing headlines about the other side, a belief that if you lose, I win. Neither party should delay or obstruct every single bill just because they can. The confirmation of--I'm speaking to both parties now--the confirmation of well-qualified public servants shouldn't be held hostage to the pet projects or grudges of a few individual Senators.

Washington may think that saying anything about the other side, no matter how false, no matter how malicious, is just part of the game. But it's precisely such politics that has stopped either party from helping the American people. Worse yet, it's sowing further division among our citizens, further distrust in our Government. So no, I will not give up on trying to change the tone of our politics. I know it's an election year. And after last week, it's clear that campaign fever has come even earlier than usual. But we still need to govern.

To Democrats, I would remind you that we still have the largest majority in decades and the people expect us to solve problems, not run for the hills. And if the Republican leadership is going to insist that 60 votes in the Senate are required to do any business at all in this town--a supermajority--then the responsibility to govern is now yours as well. Just saying no to everything may be good short-term politics, but it's not leadership. We were sent here to serve our citizens, not our ambitions. So let's show the American people that we can do it together.

This week, I'll be addressing a meeting of the House Republicans. I'd like to begin monthly meetings with both Democratic and Republican leadership. I know you can't wait. [Laughter] 

Now, throughout our history, no issue has united this country more than our security. Sadly, some of the unity we felt after 9/11 has dissipated. And we can argue all we want about who's to blame for this, but I'm not interested in relitigating the past. I know that all of us love this country. All of us are committed to its defense. So let's put aside the schoolyard taunts about who's tough. Let's reject the false choice between protecting our people and upholding our values. Let's leave behind the fear and division and do what it takes to defend our Nation and forge a more hopeful future for America and for the world.

That's the work we began last year. Since the day I took office, we've renewed our focus on the terrorists who threaten our Nation. We've made substantial investments in our homeland security and disrupted plots that threatened to take American lives. We are filling unacceptable gaps revealed by the failed Christmas attack, with better airline security and swifter action on our intelligence. We've prohibited torture and strengthened partnerships from the Pacific to South Asia to the Arabian Peninsula. And in the last year, hundreds of Al Qaida's fighters and affiliates, including many senior leaders, have been captured or killed, far more than in 2008.

And in Afghanistan, we're increasing our troops and training Afghan security forces so they can begin to take the lead in July of 2011 and our troops can begin to come home. We will reward good governance, work to reduce corruption, and support the rights of all Afghans, men and women alike. We're joined by allies and partners who have increased their own commitments and who will come together tomorrow in London to reaffirm our common purpose. There will be difficult days ahead, but I am absolutely confident we will succeed.

As we take the fight to Al Qaida, we are responsibly leaving Iraq to its people. As a candidate, I promised that I would end this war, and that is what I am doing as President. We will have all of our combat troops out of Iraq by the end of this August. We will support the Iraqi Government as they hold elections, and we will continue to partner with the Iraqi people to promote regional peace and prosperity. But make no mistake: This war is ending, and all of our troops are coming home.

Tonight all of our men and women in uniform, in Iraq, in Afghanistan, and around the world, they have to know that we--that they have our respect, our gratitude, our full support. And just as they must have the resources they need in war, we all have a responsibility to support them when they come home. That's why we made the largest increase in investments for veterans in decades last year. That's why we're building a 21st-century VA. And that's why Michelle has joined with Jill Biden to forge a national commitment to support military families.

Now, even as we prosecute two wars, we're also confronting perhaps the greatest danger to the American people, the threat of nuclear weapons. I've embraced the vision of John F. Kennedy and Ronald Reagan through a strategy that reverses the spread of these weapons and seeks a world without them. To reduce our stockpiles and launchers, while ensuring our deterrent, the United States and Russia are completing negotiations on the farthest reaching arms control treaty in nearly two decades. And at April's Nuclear Security Summit, we will bring 44 nations together here in Washington, DC, behind a clear goal: securing all vulnerable nuclear materials around the world in 4 years so that they never fall into the hands of terrorists.

Now, these diplomatic efforts have also strengthened our hand in dealing with those nations that insist on violating international agreements in pursuit of nuclear weapons. That's why North Korea now faces increased isolation and stronger sanctions, sanctions that are being vigorously enforced. That's why the international community is more united and the Islamic Republic of Iran is more isolated. And as Iran's leaders continue to ignore their obligations, there should be no doubt: They too will face growing consequences. That is a promise.

That's the leadership we are providing: engagement that advances the common security and prosperity of all people. We're working through the G-20 to sustain a lasting global recovery. We're working with Muslim communities around the world to promote science and education and innovation. We have gone from a bystander to a leader in the fight against climate change. We're helping developing countries to feed themselves and continuing the fight against HIV/AIDS. And we are launching a new initiative that will give us the capacity to respond faster and more effectively to bioterrorism or an infectious disease, a plan that will counter threats at home and strengthen public health abroad.

As we have for over 60 years, America takes these actions because our destiny is connected to those beyond our shores. But we also do it because it is right. That's why, as we meet here tonight, over 10,000 Americans are working with many nations to help the people of Haiti recover and rebuild. That's why we stand with the girl who yearns to go to school in Afghanistan, why we support the human rights of the women marching through the streets of Iran, why we advocate for the young man denied a job by corruption in Guinea. For America must always stand on the side of freedom and human dignity--always.

Abroad, America's greatest source of strength has always been our ideals. The same is true at home. We find unity in our incredible diversity, drawing on the promise enshrined in our Constitution: The notion that we're all created equal; that no matter who you are or what you look like, if you abide by the law, you should be protected by it; if you adhere to our common values, you should be treated no different than anyone else.

We must continually renew this promise. My administration has a Division that is once again prosecuting violations and employment discrimination. We finally strengthened our laws to protect against crimes driven by hate. This year, I will work with Congress and our military to finally repeal the law that denies gay Americans the right to serve the country they love because of who they are. It's the right thing to do.

We're going to crack down on violations of equal pay laws so that women get equal pay for an equal day's work. And we should continue the work of fixing our broken immigration system, to secure our borders and enforce our laws and ensure that everyone who plays by the rules can contribute to our economy and enrich our Nation.

In the end, it's our ideals, our values that built America, values that allowed us to forge a nation made up of immigrants from every corner of the globe, values that drive our citizens still. Every day, Americans meet their responsibilities to their families and their employers. Time and again, they lend a hand to their neighbors and give back to their country. They take pride in their labor and are generous in spirit. These aren't Republican values or Democratic values that they're living by, business values or labor values, they're American values.

Unfortunately, too many of our citizens have lost faith that our biggest institutions--our corporations, our media, and, yes, our Government--still reflect these same values. Each of these institutions are full of honorable men and women doing important work that helps our country prosper. But each time a CEO rewards himself for failure or a banker puts the rest of us at risk for his own selfish gain, people's doubts grow. Each time lobbyists game the system or politicians tear each other down instead of lifting this country up, we lose faith. The more that TV pundits reduce serious debates to silly arguments, big issues into sound bites, our citizens turn away. No wonder there's so much cynicism out there. No wonder there's so much disappointment.

I campaigned on the promise of change. Change we can believe in, the slogan went. And right now I know there are many Americans who aren't sure if they still believe we can change or that I can deliver it.

But remember this: I never suggested that change would be easy or that I could do it alone. Democracy in a nation of 300 million people can be noisy and messy and complicated. And when you try to do big things and make big changes, it stirs passions and controversy. That's just how it is.

Those of us in public office can respond to this reality by playing it safe and avoid telling hard truths and pointing fingers. We can do what's necessary to keep our poll numbers high and get through the next election, instead of doing what's best for the next generation.

But I also know this: If people had made that decision 50 years ago or 100 years ago or 200 years ago, we wouldn't be here tonight. The only reason we are here is because generations of Americans were unafraid to do what was hard, to do what was needed even when success was uncertain, to do what it took to keep the dream of this Nation alive for their children and their grandchildren.

Now, our administration has had some political setbacks this year, and some of them were deserved. But I wake up every day knowing that they are nothing compared to the setbacks that families all across this country have faced this year. And what keeps me going, what keeps me fighting, is that despite all these setbacks, that spirit of determination and optimism, that fundamental decency that has always been at the core of the American people, that lives on.

It lives on in the struggling small-business owner who wrote to me of his company, ""None of us,"" he said, "". . . are willing to consider, even slightly, that we might fail."" It lives on in the woman who said that even though she and her neighbors have felt the pain of recession, ""We are strong. We are resilient. We are American."" It lives on in the 8-year-old boy in Louisiana who just sent me his allowance and asked if I would give it to the people of Haiti. And it lives on in all the Americans who've dropped everything to go someplace they've never been and pull people they've never known from the rubble, prompting chants of ""U.S.A.! U.S.A.! U.S.A.!"" when another life was saved.

The spirit that has sustained this Nation for more than two centuries lives on in you, its people. We have finished a difficult year. We have come through a difficult decade. But a new year has come. A new decade stretches before us. We don't quit. I don't quit. Let's seize this moment to start anew, to carry the dream forward, and to strengthen our Union once more. 

Thank you. God bless you, and God bless the United States of America.
"
236,Barack Obama,2016,Democratic,speech,"Thank you. Mr. Speaker, Mr. Vice President, Members of Congress, my fellow Americans: Tonight marks the eighth year that I've come here to report on the State of the Union. And for this final one, I'm going to try to make it a little shorter. I know some of you are antsy to get back to Iowa. [Laughter] I've been there. I'll be shaking hands afterwards if you want some tips. [Laughter] 

Now, I understand that because it's an election season, expectations for what we will achieve this year are low. But, Mr. Speaker, I appreciate the constructive approach that you and other leaders took at the end of last year to pass a budget and make tax cuts permanent for working families. So I hope we can work together this year on some bipartisan priorities like criminal justice reform and helping people who are battling prescription drug abuse and heroin abuse. So, who knows, we might surprise the cynics again. 

But tonight I want to go easy on the traditional list of proposals for the year ahead. Don't worry, I've got plenty-;[laughter]-;from helping students learn to write computer code to personalizing medical treatments for patients. And I will keep pushing for progress on the work that I believe still needs to be done: fixing a broken immigration system, protecting our kids from gun violence, equal pay for equal work, paid leave, raising the minimum wage. All these things still matter to hard-working families. They're still the right thing to do. And I won't let up until they get done. 

But for my final address to this Chamber, I don't want to just talk about next year. I want to focus on the next 5 years, the next 10 years, and beyond. I want to focus on our future. 

We live in a time of extraordinary change, change that's reshaping the way we live, the way we work, our planet, our place in the world. It's change that promises amazing medical breakthroughs, but also economic disruptions that strain working families. It promises this education for girls in the most remote villages, but also connects terrorists plotting an ocean away. It's change that can broaden opportunity or widen inequality. And whether we like it or not, the pace of this change will only accelerate. 

America has been through big changes before: wars and depression, the influx of new immigrants, workers fighting for a fair deal, movements to expand civil rights. Each time, there have been those who told us to fear the future; who claimed we could slam the brakes on change; who promised to restore past glory if we just got some group or idea that was threatening America under control. And each time, we overcame those fears. We did not, in the words of Lincoln, adhere to the ""dogmas of the quiet past."" Instead, we thought anew and acted anew. We made change work for us, always extending America's promise outward, to the next frontier, to more people. And because we did, because we saw opportunity with a-;where others saw peril, we emerged stronger and better than before. 

What was true then can be true now. Our unique strengths as a nation-;our optimism and work ethic, our spirit of discovery, our diversity, our commitment to rule of law-;these things give us everything we need to ensure prosperity and security for generations to come. 

In fact, it's in that spirit that we have made progress these past 7 years. That's how we recovered from the worst economic crisis in generations. That's how we reformed our health care system and reinvented our energy sector. That's how we delivered more care and benefits to our troops coming home and our veterans. That's how we secured the freedom in every State to marry the person we love. 

But such progress is not inevitable. It's the result of choices we make together. And we face such choices right now. Will we respond to the changes of our time with fear, turning inward as a nation, turning against each other as a people? Or will we face the future with confidence in who we are, in what we stand for, in the incredible things that we can do together? 

So let's talk about the future and four big questions that I believe we as a country have to answer, regardless of who the next President is or who controls the next Congress. First, how do we give everyone a fair shot at opportunity and security in this new economy? Second, how do we make technology work for us and not against us, especially when it comes to solving urgent challenges like climate change? Third, how do we keep America safe and lead the world without becoming its policeman? And finally, how can we make our politics reflect what's best in us and not what's worst? 

Let me start with the economy and a basic fact: The United States of America right now has the strongest, most durable economy in the world. We're in the middle of the longest streak of private sector job creation in history. More than 14 million new jobs, the strongest 2 years of job growth since the 1990s, an unemployment rate cut in half. Our auto industry just had its best year ever. That's just part of a manufacturing surge that's created nearly 900,000 new jobs in the past 6 years. And we've done all this while cutting our deficits by almost three-quarters. 

Anyone claiming that America's economy is in decline is peddling fiction. Now, what is true-;and the reason that a lot of Americans feel anxious-;is that the economy has been changing in profound ways, changes that started long before the great recession hit, changes that have not let up. 

Today, technology doesn't just replace jobs on the assembly line, but any job where work can be automated. Companies in a global economy can locate anywhere, and they face tougher competition. As a result, workers have less leverage for a raise. Companies have less loyalty to their communities. And more and more wealth and income is concentrated at the very top. 

All these trends have squeezed workers, even when they have jobs, even when the economy is growing. It's made it harder for a hard-working family to pull itself out of poverty, harder for young people to start their careers, tougher for workers to retire when they want to. And although none of these trends are unique to America, they do offend our uniquely American belief that everybody who works hard should get a fair shot. 

For the past 7 years, our goal has been a growing economy that also works better for everybody. We've made progress, but we need to make more. And despite all the political arguments that we've had these past few years, there are actually some areas where Americans broadly agree. 

We agree that real opportunity requires every American to get the education and training they need to land a good-paying job. The bipartisan reform of No Child Left Behind was an important start, and together, we've increased early childhood education, lifted high school graduation rates to new highs, boosted graduates in fields like engineering. In the coming years, we should build on that progress, by providing pre-K for all and offering every student the hands-on computer science and math classes that make them job-ready on day one. We should recruit and support more great teachers for our kids. 

And we have to make college affordable for every American. No hard-working student should be stuck in the red. We've already reduced student loan payments by-;to 10 percent of a borrower's income. And that's good. But now we've actually got to cut the cost of college. Providing 2 years of community college at no cost for every responsible student is one of the best ways to do that, and I'm going to keep fighting to get that started this year. It's the right thing to do. 

But a great education isn't all we need in this new economy. We also need benefits and protections that provide a basic measure of security. It's not too much of a stretch to say that some of the only people in America who are going to work the same job, in the same place, with a health and retirement package for 30 years are sitting in this Chamber. [Laughter] For everyone else, especially folks in their forties and fifties, saving for retirement or bouncing back from job loss has gotten a lot tougher. Americans understand that at some point in their careers, in this new economy, they may have to retool, they may have to retrain. But they shouldn't lose what they've already worked so hard to build in the process. 

That's why Social Security and Medicare are more important than ever. We shouldn't weaken them, we should strengthen them. And for Americans short of retirement, basic benefits should be just as mobile as everything else is today. That, by the way, is what the Affordable Care Act is all about. It's about filling the gaps in employer-based care so that when you lose a job or you go back to school or you strike out and launch that new business, you'll still have coverage. Nearly 18 million people have gained coverage so far. And in the process, health care inflation has slowed. And our businesses have created jobs every single month since it became law. 

Now, I'm guessing we won't agree on health care anytime soon, but-;[laughter]-;a little applause back there. [Laughter] Just a guess. But there should be other ways parties can work together to improve economic security. Say a hard-working American loses his job. We shouldn't just make sure that he can get unemployment insurance, we should make sure that program encourages him to retrain for a business that's ready to hire him. If that new job doesn't pay as much, there should be a system of wage insurance in place so that he can still pay his bills. And even if he's going from job to job, he should still be able to save for retirement and take his savings with him. That's the way we make the new economy work better for everybody. 

I also know Speaker Ryan has talked about his interest in tackling poverty. America is about giving everybody willing to work a chance, a hand up. And I'd welcome a serious discussion about strategies we can all support, like expanding tax cuts for low-income workers who don't have children. 

But there are some areas where-;we just have to be honest-;it has been difficult to find agreement over the last 7 years. And a lot of them fall under the category of what role the Government should play in making sure the system's not rigged in favor of the wealthiest and biggest corporations. And it's an honest disagreement, and the American people have a choice to make. 

I believe a thriving private sector is the lifeblood of our economy. I think there are outdated regulations that need to be changed. There is redtape that needs to be cut.  There you go! Yes! See? But after years now of record corporate profits, working families won't get more opportunity or bigger paychecks just by letting big banks or big oil or hedge funds make their own rules at everybody else's expense. Middle class families are not going to feel more secure because we allowed attacks on collective bargaining to go unanswered. Food stamp recipients did not cause the financial crisis; recklessness on Wall Street did. Immigrants aren't the principal reason wages haven't gone up; those decisions are made in the boardrooms that all too often put quarterly earnings over long-term returns. It's sure not the average family watching tonight that avoids paying taxes through offshore accounts. [Laughter] 

The point is, I believe that in this new economy, workers and startups and small businesses need more of a voice, not less. The rules should work for them. And I'm not alone in this. This year, I plan to lift up the many businesses who have figured out that doing right by their workers or their customers or their communities ends up being good for their shareholders. And I want to spread those best practices across America. That's part of a brighter future. 

In fact, it turns, out many of our best corporate citizens are also our most creative. And this brings me to the second big question we as a country have to answer: How do we reignite that spirit of innovation to meet our biggest challenges? 

Sixty years ago, when the Russians beat us into space, we didn't deny Sputnik was up there. [Laughter] We didn't argue about the science or shrink our research and development budget. We built a space program almost overnight. And 12 years later, we were walking on the Moon. 

Now, that spirit of discovery is in our DNA. America is Thomas Edison and the Wright Brothers and George Washington Carver. America is Grace Hopper and Katherine Johnson and Sally Ride. America is every immigrant and entrepreneur from Boston to Austin to Silicon Valley, racing to shape a better future. That's who we are. 

And over the past 7 years, we've nurtured that spirit. We've protected an open Internet and taken bold new steps to get more students and low-income Americans online. We've launched next-generation manufacturing hubs and online tools that give an entrepreneur everything he or she needs to start a business in a single day. But we can do so much more. 

Last year, Vice President Biden said that with a new moonshot, America can cure cancer. Last month, he worked with this Congress to give scientists at the National Institutes of Health the strongest resources that they've had in over a decade. Well-;so tonight I'm announcing a new national effort to get it done. And because he's gone to the mat for all of us on so many issues over the past 40 years, I'm putting Joe in charge of mission control. For the loved ones we've all lost, for the families that we can still save, let's make America the country that cures cancer once and for all. What do you say, Joe? Let's make it happen. 

Now, medical research is critical. We need the same level of commitment when it comes to developing clean energy sources. Look, if anybody still wants to dispute the science around climate change, have at it. [Laughter] You will be pretty lonely, because you'll be debating our military, most of America's business leaders, the majority of the American people, almost the entire scientific community, and 200 nations around the world who agree it's a problem and intend to solve it. But even if the planet wasn't at stake, even if 2014 wasn't the warmest year on record-;until 2015 turned out to be even hotter-;why would we want to pass up the chance for American businesses to produce and sell the energy of the future? Listen, 7 years ago, we made the single biggest investment in clean energy in our history. Here are the results. In fields from Iowa to Texas, wind power is now cheaper than dirtier, conventional power. On rooftops from Arizona to New York, solar is saving Americans tens of millions of dollars a year on their energy bills and employs more Americans than coal in jobs that pay better than average. We're taking steps to give homeowners the freedom to generate and store their own energy, something, by the way, that environmentalists and Tea Partiers have teamed up to support. And meanwhile, we've cut our imports of foreign oil by nearly 60 percent and cut carbon pollution more than any other country on Earth. Gas under 2 bucks a gallon ain't bad either. [Laughter] 

Now we've got to accelerate the transition away from old, dirtier energy sources. Rather than subsidize the past, we should invest in the future, especially in communities that rely on fossil fuels. We do them no favor when we don't show them where the trends are going. And that's why I'm going to push to change the way we manage our oil and coal resources so that they better reflect the costs they impose on taxpayers and our planet. And that way, we put money back into those communities and put tens of thousands of Americans to work building a 21st-century transportation system. 

Now, none of this is going to happen overnight. And yes, there are plenty of entrenched interests who want to protect the status quo. But the jobs we'll create, the money we'll save, the planet we'll preserve-;that is the kind of future our kids and our grandkids deserve. And it's within our grasp. 

Now, climate change is just one of many issues where our security is linked to the rest of the world. And that's why the third big question that we have to answer together is how to keep America safe and strong without either isolating ourselves or trying to nation-build everywhere there's a problem. 

Now, I told you earlier all the talk of America's economic decline is political hot air. Well, so is all the rhetoric you hear about our enemies getting stronger and America getting weaker. Let me tell you something: The United States of America is the most powerful nation on Earth. Period.  Period. It's not even close.  It's not even close. It's not even close. We spend more on our military than the next eight nations combined. Our troops are the finest fighting force in the history of the world.  All right. No nation attacks us directly, or our allies, because they know that's the path to ruin. Surveys show our standing around the world is higher than when I was elected to this office, and when it comes to every important international issue, people of the world do not look to Beijing or Moscow to lead. They call us. So I think it's useful to level set here, because when we don't, we don't make good decisions. 

Now, as someone who begins every day with an intelligence briefing, I know this is a dangerous time. But that's not primarily because of some looming superpower out there, and it's certainly not because of diminished American strength. In today's world, we're threatened less by evil empires and more by failing states. 

The Middle East is going through a transformation that will play out for a generation, rooted in conflicts that date back millennia. Economic headwinds are blowing in from a Chinese economy that is in significant transition. Even as their economy severely contracts, Russia is pouring resources in to prop up Ukraine and Syria, client states that they saw slipping away from their orbit. And the international system we built after World War II is now struggling to keep pace with this new reality. It's up to us, the United States of America, to help remake that system. And to do that well, it means that we've got to set priorities. Priority number one is protecting the American people and going after terrorist networks. Both Al Qaida and now ISIL pose a direct threat to our people, because in today's world, even a handful of terrorists who place no value on human life, including their own, can do a lot of damage. They use the Internet to poison the minds of individuals inside our country. Their actions undermine and destabilize our allies. We have to take them out. 

But as we focus on destroying ISIL, over-the-top claims that this is world war III just play into their hands. Masses of fighters on the back of pickup trucks, twisted souls plotting in apartments or garages, they pose an enormous danger to civilians; they have to be stopped. But they do not threaten our national existence. That is the story ISIL wants to tell. That's the kind of propaganda they use to recruit. We don't need to build them up to show that we're serious, and we sure don't need to push away vital allies in this fight by echoing the lie that ISIL is somehow representative of one of the world's largest religions. We just need to call them what they are: killers and fanatics who have to be rooted out, hunted down, and destroyed. 

And that's exactly what we're doing. For more than a year, America has led a coalition of more than 60 countries to cut off ISIL's financing, disrupt their plots, stop the flow of terrorist fighters, and stamp out their vicious ideology. With nearly 10,000 airstrikes, we're taking out their leadership, their oil, their training camps, their weapons. We're training, arming, and supporting forces who are steadily reclaiming territory in Iraq and Syria. 

If this Congress is serious about winning this war and wants to send a message to our troops and the world, authorize the use of military force against ISIL. Take a vote.  Take a vote. But the American people should know that with or without congressional action, ISIL will learn the same lessons as terrorists before them. If you doubt America's commitment-;or mine-;to see that justice is done, just ask Usama bin Laden. Ask the leader of Al Qaida in Yemen, who was taken out last year, or the perpetrator of the Benghazi attacks, who sits in a prison cell. When you come after Americans, we go after you. And it may take time, but we have long memories, and our reach has no limits. 

Our foreign policy has to be focused on the threat from ISIL and Al Qaida, but it can't stop there. For even without ISIL, even without Al Qaida, instability will continue for decades in many parts of the world: in the Middle East, in Afghanistan and parts of Pakistan, in parts of Central America, in Africa and Asia. Some of these places may become safe havens for new terrorist networks. Others will just fall victim to ethnic conflict or famine, feeding the next wave of refugees. The world will look to us to help solve these problems, and our answer needs to be more than tough talk or calls to carpet-bomb civilians. That may work as a TV sound bite, but it doesn't pass muster on the world stage. 

We also can't try to take over and rebuild every country that falls into crisis, even if it's done with the best of intentions. That's not leadership; that's a recipe for quagmire, spilling American blood and treasure that ultimately will weaken us. It's the lesson of Vietnam; it's the lesson of Iraq. And we should have learned it by now. 

Now, fortunately there is a smarter approach: a patient and disciplined strategy that uses every element of our national power. It says America will always act, alone if necessary, to protect our people and our allies, but on issues of global concern, we will mobilize the world to work with us and make sure other countries pull their own weight. That's our approach to conflicts like Syria, where we're partnering with local forces and leading international efforts to help that broken society pursue a lasting peace. That's why we built a global coalition, with sanctions and principled diplomacy, to prevent a nuclear-armed Iran. And as we speak, Iran has rolled back its nuclear program, shipped out its uranium stockpile, and the world has avoided another war. 

That's how we stopped the spread of Ebola in West Africa. Our military, our doctors, our development workers-;they were heroic; they set up the platform that then allowed other countries to join in behind us and stamp out that epidemic. Hundreds of thousands, maybe a couple million, lives were saved. 

That's how we forged a Trans-Pacific Partnership to open markets and protect workers and the environment and advance American leadership in Asia. It cuts 18,000 taxes on products made in America, which will then support more good jobs here in America. With TPP, China does not set the rules in that region, we do. You want to show our strength in this new century? Approve this agreement. Give us the tools to enforce it. It's the right thing to do. 

Let me give you another example. Fifty years of isolating Cuba had failed to promote democracy. It set us back in Latin America. That's why we restored diplomatic relations, opened the door to travel and commerce, positioned ourselves to improve the lives of the Cuban people. So if you want to consolidate our leadership and credibility in the hemisphere, recognize that the cold war is over. Lift the embargo. 

The point is, American leadership in the 21st century is not a choice between ignoring the rest of the world-;except when we kill terrorists-;or occupying and rebuilding whatever society is unraveling. Leadership means a wise application of military power and rallying the world behind causes that are right. It means seeing our foreign assistance as a part of our national security, not something separate, not charity. 

When we lead nearly 200 nations to the most ambitious agreement in history to fight climate change, yes, that helps vulnerable countries, but it also protects our kids. When we help Ukraine defend its democracy or Colombia resolve a decades-long war, that strengthens the international order we depend on. When we help African countries feed their people and care for the sick, it's the right thing to do, and it prevents the next pandemic from reaching our shores. Right now we're on track to end the scourge of HIV/AIDS. That's within our grasp. And we have the chance to accomplish the same thing with malaria, something I'll be pushing this Congress to fund this year. 

That's American strength. That's American leadership. And that kind of leadership depends on the power of our example. That's why I will keep working to shut down the prison at Guantanamo. It is expensive, it is unnecessary, and it only serves as a recruitment brochure for our enemies. There's a better way. 

And that's why we need to reject any politics-;any politics-;that targets people because of race or religion. Let me just say this. This is not a matter of political correctness, this is a matter of understanding just what it is that makes us strong. The world respects us not just for our arsenal, it respects us for our diversity and our openness and the way we respect every faith. 

His Holiness Pope Francis told this body from the very spot that I'm standing on tonight that ""to imitate the hatred and violence of tyrants and murderers is the best way to take their place."" When politicians insult Muslims, whether abroad or our fellow citizens, when a mosque is vandalized or a kid is called names, that doesn't make us safer. That's not telling it what-;telling it like it is. It's just wrong. It diminishes us in the eyes of the world. It makes it harder to achieve our goals. It betrays who we are as a country. ""We the People."" Our Constitution begins with those three simple words, words we've come to recognize mean all the people, not just some; words that insist we rise and fall together, that that's how we might perfect our Union. And that brings me to the fourth and maybe most important thing that I want to say tonight. 

The future we want-;all of us want-;opportunity and security for our families, a rising standard of living, a sustainable, peaceful planet for our kids-;all that is within our reach. But it will only happen if we work together. It will only happen if we can have rational, constructive debates. It will only happen if we fix our politics. 

A better politics doesn't mean we have to agree on everything. This is a big country: different regions, different attitudes, different interests. That's one of our strengths too. Our Founders distributed power between States and branches of government and expected us to argue, just as they did, fiercely, over the size and shape of government, over commerce and foreign relations, over the meaning of liberty and the imperatives of security. 

But democracy does require basic bonds of trust between its citizens. It doesn't work if we think the people who disagree with us are all motivated by malice. It doesn't work if we think that our political opponents are unpatriotic or trying to weaken America. Democracy grinds to a halt without a willingness to compromise or when even basic facts are contested or when we listen only to those who agree with us. Our public life withers when only the most extreme voices get all the attention. And most of all, democracy breaks down when the average person feels their voice doesn't matter, that the system is rigged in favor of the rich or the powerful or some special interest. 

Too many Americans feel that way right now. It's one of the few regrets of my Presidency: that the rancor and suspicion between the parties has gotten worse instead of better. I have no doubt, a President with the gifts of Lincoln or Roosevelt might have better bridged the divide, and I guarantee, I'll keep trying to be better so long as I hold this office. 

But, my fellow Americans, this cannot be my task-;or any President's-;alone. There are a whole lot of folks in this Chamber, good people, who would like to see more cooperation, would like to see a more elevated debate in Washington, but feel trapped by the imperatives of getting elected, by the noise coming out of your base. I know; you've told me. It's the worst kept secret in Washington. And a lot of you aren't enjoying being trapped in that kind of rancor. 

But that means if we want a better politics-;and I'm addressing the American people now-;if we want a better politics, it's not enough just to change a Congressman or change a Senator or even change a President. We have to change the system to reflect our better selves. 

I think we've got to end the practice of drawing our congressional districts so that politicians can pick their voters and not the other way around. Let a bipartisan group do it. 

I believe we've got to reduce the influence of money in our politics so that a handful of families or hidden interests can't bankroll our elections. And if our existing approach to campaign finance reform can't pass muster in the courts, we need to work together to find a real solution. Because it's a problem. And most of you don't like raising money. [Laughter] I know. I've done it. 

We've got to make it easier to vote, not harder. We need to modernize it for the way we live now. This is America: We want to make it easier for people to participate. And over the course of this year, I intend to travel the country to push for reforms that do just that. But I can't do these things on my own. Changes in our political process-;in not just who gets elected, but how they get elected-;that will only happen when the American people demand it. It depends on you. That's what's meant by a government of, by, and for the people. 

What I'm suggesting is hard. It's a lot easier to be cynical; to accept that change is not possible and politics is hopeless and the problem is, all the folks who are elected don't care; and to believe that our voices and our actions don't matter. But if we give up now, then we forsake a better future. Those with money and power will gain greater control over the decisions that could send a young soldier to war or allow another economic disaster or roll back the equal rights and voting rights that generations of Americans have fought, even died, to secure. And then, as frustration grows, there will be voices urging us to fall back into our respective tribes, to scapegoat fellow citizens who don't look like us or pray like us or vote like we do or share the same background. 

We can't afford to go down that path. It won't deliver the economy we want. It will not produce the security we want. But most of all, it contradicts everything that makes us the envy of the world. 

So, my fellow Americans, whatever you may believe, whether you prefer one party or no party, whether you supported my agenda or fought as hard as you could against it, our collective futures depends on your willingness to uphold your duties as a citizen. To vote. To speak out. To stand up for others, especially the weak, especially the vulnerable, knowing that each of us is only here because somebody, somewhere, stood up for us. We need every American to stay active in our public life-;and not just during election time-;so that our public life reflects the goodness and the decency that I see in the American people every single day. 

It is not easy. Our brand of democracy is hard. But I can promise that a little over a year from now, when I no longer hold this office, I will be right there with you as a citizen, inspired by those voices of fairness and vision, of grit and good humor and kindness, that have helped America travel so far. Voices that help us see ourselves not, first and foremost, as Black or White or Asian or Latino, not as gay or straight, immigrant or native born, not Democrat or Republican, but as Americans first, bound by a common creed. Voices Dr. King believed would have the final word: voices of ""unarmed truth and unconditional love."" 

And they're out there, those voices. They don't get a lot of attention; they don't seek a lot of fanfare; but they're busy doing the work this country needs doing. I see them everywhere I travel in this incredible country of ours. I see you, the American people. And in your daily acts of citizenship, I see our future unfolding. 

I see it in the worker on the assembly line who clocked extra shifts to keep his company open and the boss who pays him higher wages instead of laying him off. I see it in the dreamer who stays up late at night to finish her science project and the teacher who comes in early, maybe with some extra supplies that she bought because she knows that that young girl might someday cure a disease. 

I see it in the American who served his time, made bad mistakes as a child, but now is dreaming of starting over. And I see it in the business owner who gives him that second chance. The protester determined to prove that justice matters and the young cop walking the beat, treating everybody with respect, doing the brave, quiet work of keeping us safe. 

I see it in the soldier who gives almost everything to save his brothers, the nurse who tends to him till he can run a marathon, the community that lines up to cheer him on. It's the son who finds the courage to come out as who he is and the father whose love for that son overrides everything he's been taught. 

I see it in the elderly woman who will wait in line to cast her vote as long as she has to, the new citizen who casts his vote for the first time, the volunteers at the polls who believe every vote should count. Because each of them, in different ways, know how much that precious right is worth. 

That's the America I know. That's the country we love: clear eyed, big hearted, undaunted by challenge. Optimistic that unarmed truth and unconditional love will have the final word. That's what makes me so hopeful about our future. I believe in change because I believe in you, the American people. And that's why I stand here as confident as I have ever been that the state of our Union is strong. 

Thank you. God bless you. God bless the United States of America. Thank you.
"
240,Donald Trump,2020,Republican,speech,"Thank you very much. Thank you. Thank you very much.

Madam Speaker, Mr. Vice President, Members of Congress, the First Lady of the United States, and my fellow citizens: Three years ago, we launched the great American comeback. Tonight, I stand before you to share the incredible results. Jobs are booming, incomes are soaring, poverty is plummeting, crime is falling, confidence is surging, and our country is thriving and highly respected again. America's enemies are on the run, America's fortunes are on the rise, and America's future is blazing bright.

The years of economic decay are over. The days of our country being used, taken advantage of, and even scorned by other nations are long behind us. Gone too are the broken promises, jobless recoveries, tired platitudes, and constant excuses for the depletion of American wealth, power, and prestige.

In just 3 short years, we have shattered the mentality of American decline, and we have rejected the downsizing of America's destiny. We have totally rejected the downsizing. We are moving forward at a pace that was unimaginable just a short time ago, and we are never, ever going back.

I am thrilled to report to you tonight that our economy is the best it has ever been. Our military is completely rebuilt, with its power being unmatched anywhere in the world, and it's not even close. Our borders are secure. Our families are flourishing. Our values are renewed. Our pride is restored. And for all of these reasons, I say to the people of our great country and to the Members of Congress: The state of our Union is stronger than ever before.

The vision I will lay out this evening demonstrates how we are building the world's most prosperous and inclusive society, one where every citizen can join in America's unparalleled success and where every community can take part in America's extraordinary rise.

From the instant I took office, I moved rapidly to revive the U.S. economy, slashing a record number of job-killing regulations, enacting historic and record-setting tax cuts, and fighting for fair and reciprocal trade agreements. Our agenda is relentlessly pro-worker, pro-family, pro-growth, and, most of all, pro-American. [Applause] Thank you. Thank you. We are advancing with unbridled optimism and lifting our citizens of every race, color, religion, and creed very, very high.

Since my election, we have created 7 million new jobs, 5 million more than Government experts projected during the previous administration. The unemployment rate is the lowest in over half a century. And very incredibly, the average unemployment rate under my administration is lower than any administration in the history of our country. [Applause] True. If we hadn't reversed the failed economic policies of the previous administration, the world would not now be witnessing this great economic success.

The unemployment rate for African Americans, Hispanic Americans, and Asian Americans has reached the lowest levels in history. African American youth unemployment has reached an alltime low. African American poverty has declined to the lowest rate ever recorded.

The unemployment rate for women reached the lowest level in almost 70 years. And last year, women filled 72 percent of all new jobs added. The veterans unemployment rate dropped to a record low. The unemployment rate for disabled Americans has reached an alltime low. Workers without a high school diploma have achieved the lowest unemployment rate recorded in U.S. history. A record number of young Americans are now employed.

Under the last administration, more than 10 million people were added to the food stamp rolls. Under my administration, 7 million Americans have come off food stamps, and 10 million people have been lifted off of welfare. In 8 years under the last administration, over 300,000 working-age people dropped out of the workforce. In just 3 years of my administration, 3.5 million people—working-age people—have joined the workforce.

Since my election, the net worth of the bottom half of wage earners has increased by 47 percent, three times faster than the increase for the top 1 percent. After decades of flat and falling incomes, wages are rising fast, and wonderfully, they are rising fastest for low-income workers, who have seen a 16-percent pay increase since my election. This is a blue-collar boom. Real median household income is now at the highest level ever recorded.

Since my election, U.S. stock markets have soared 70 percent, adding more than $12 trillion to our Nation's wealth, transcending anything anyone believed was possible. This is a record. It is something that every country in the world is looking up to. They admire. Consumer confidence has just reached amazing new highs.

All of those millions of people with 401(k)s and pensions are doing far better than they have ever done before with increases of 60, 70, 80, 90, and 100 percent and even more.

Jobs and investments are pouring into 9,000 previously neglected neighborhoods thanks to Opportunity Zones, a plan spearheaded by Senator Tim Scott as part of our great Republican tax cuts. In other words, wealthy people and companies are pouring money into poor neighborhoods or areas that haven't seen investment in many decades, creating jobs, energy, and excitement. This is the first time that these deserving communities have seen anything like this. It's all working.

Opportunity Zones are helping Americans like Army veteran Tony Rankins from Cincinnati, Ohio. After struggling with drug addiction, Tony lost his job, his house, and his family. He was homeless. But then, Tony found a construction company that invests in Opportunity Zones. He is now a top tradesman, drug-free, reunited with his family, and he is here tonight. Tony, keep up the great work. Tony. Thank you, Tony.

Our roaring economy has, for the first time ever, given many former prisoners the ability to get a great job and a fresh start. This second chance at life is made possible because we passed landmark criminal justice reform into law. Everybody said that criminal justice reform couldn't be done, but I got it done, and the people in this room got it done.

Thanks to our bold regulatory reduction campaign, the United States has become the number one producer of oil and natural gas anywhere in the world, by far. With the tremendous progress we have made over the past 3 years, America is now energy independent, and energy jobs, like so many other elements of our country, are at a record high. We are doing numbers that no one would have thought possible just 3 years ago.

Likewise, we are restoring our Nation's manufacturing might, even though predictions were, as you all know, that this could never, ever be done. After losing 60,000 factories under the previous two administrations, America has now gained 12,000 new factories under my administration, with thousands upon thousands of plants and factories being planned or being built. Companies are not leaving; they are coming back to the U.S.A. The fact is that everybody wants to be where the action is, and the United States of America is indeed the place where the action is. One of the biggest promises I made to the American people was to replace the disastrous NAFTA trade deal. In fact, unfair trade is perhaps the single biggest reason that I decided to run for President. Following NAFTA's adoption, our Nation lost one in four manufacturing jobs. Many politicians came and went, pledging to change or replace NAFTA, only to do so, and then absolutely nothing happened. But unlike so many who came before me, I keep my promises: We did our job.

Six days ago, I replaced NAFTA and signed the brandnew U.S.-Mexico-Canada Agreement into law. The USMCA will create nearly 100,000 new high-paying American auto jobs and massively boost exports for our farmers, ranchers, and factory workers. It will also bring trade with Mexico and Canada to a much higher level, but also to be a much greater degree of fairness and reciprocity. We will have that: fairness and reciprocity. And I say that, finally, because it's been many, many years that we were treated fairly on trade. This is the first major trade deal in many years to earn the strong backing of America's labor unions.

I also promised our citizens that I would impose tariffs to confront China's massive theft of America's jobs. Our strategy has worked. Days ago, we signed the groundbreaking new agreement with China that will defend our workers, protect our intellectual property, bring billions and billions of dollars into our treasury, and open vast new markets for products made and grown right here in the U.S.A.

For decades, China has taken advantage of the United States. Now we have changed that, but, at the same time, we have perhaps the best relationship we've ever had with China, including with President Xi. They respect what we've done, because, quite frankly, they could never really believe that they were able to get away with what they were doing year after year, decade after decade, without someone in our country stepping up and saying, ""That's enough."" Now we want to rebuild our country, and that's exactly what we're doing. We are rebuilding our country.

As we restore American leadership throughout the world, we are once again standing up for freedom in our hemisphere. That's why my administration reversed the failing policies of the previous administration on Cuba.

We are supporting the hopes of Cubans, Nicaraguans, and Venezuelans to restore democracy. The United States is leading a 59-nation diplomatic coalition against the socialist dictator of Venezuela, Nicolás Maduro. Maduro is an illegitimate ruler, a tyrant who brutalizes his people. But Maduro's grip on tyranny will be smashed and broken.

Here this evening is a very brave man who carries with him the hopes, dreams, and aspirations of all Venezuelans. Joining us in the Gallery is the true and legitimate President of Venezuela, Juan Guaidó. Mr. President, please take this message back to your homeland. Thank you, Mr. President. Great honor. Thank you very much.

Please take this message back that all Americans are united with the Venezuelan people in their righteous struggle for freedom. Thank you very much, Mr. President. Thank you very much.

Socialism destroys nations. But always remember: Freedom unifies the soul.

To safeguard American liberty, we have invested a record-breaking $2.2 trillion in the United States military. We have purchased the finest planes, missiles, rockets, ships, and every other form of military equipment, and it's all made right here in the U.S.A.

We are also getting our allies, finally, to help pay their fair share. I have raised contributions from the other NATO members by more than $400 billion, and the number of allies meeting their minimum obligations has more than doubled. And just weeks ago, for the first time since President Truman established the Air Force more than 70 years earlier, we created a brandnew branch of the United States Armed Forces. It's called the Space Force. Very important.

In the Gallery tonight, we have a young gentleman. And what he wants so badly—13 years old—Iain Lanphier. He's an eighth grader from Arizona. Iain, please stand up. Iain has always dreamed of going to space. He was the first in his class and among the youngest at an aviation academy. He aspires to go to the Air Force Academy, and then he has his eye on the Space Force. As Iain says: ""Most people look up at space. I want to look down on the world."" [Laughter]

But sitting behind Iain tonight is his greatest hero of them all. Charles McGee was born in Cleveland, Ohio, one century ago. Charles is one of the last surviving Tuskegee Airmen—the first Black fighter pilots—and he also happens to be Iain's great-grandfather. Incredible story.

After more than 130 combat missions in World War II, he came back home to a country still struggling for civil rights and went on to serve America in Korea and Vietnam. On December 7, Charles celebrated his 100th birthday. A few weeks ago, I signed a bill promoting Charles McGee to Brigadier General. And earlier today I pinned the stars on his shoulders in the Oval Office. General McGee, our Nation salutes you. Thank you, sir.

From the pilgrims to the Founders, from the soldiers at Valley Forge to the marchers at Selma, and from President Lincoln to the Reverend Martin Luther King, Americans have always rejected limits on our children's future.

Members of Congress, we must never forget that the only victories that matter in Washington are victories that deliver for the American people. The people are the heart of our country, their dreams are the soul of our country, and their love is what powers and sustains our country. We must always remember that our job is to put America first.

The next step forward in building an inclusive society is making sure that every young American gets a great education and the opportunity to achieve the American Dream. Yet, for too long, countless American children have been trapped in failing government schools. To rescue these students, 18 States have created school choice in the form of Opportunity Scholarships. The programs are so popular that tens of thousands of students remain on a waiting list.

One of those students is Janiyah Davis, a fourth grader from Philadelphia. Janiyah. Janiyah's mom, Stephanie, is a single parent. She would do anything to give her daughter a better future. But last year, that future was put further out of reach when Pennsylvania's Governor vetoed legislation to expand school choice to 50,000 children. Janiyah and Stephanie are in the Gallery. Stephanie, thank you so much for being here with your beautiful daughter. Thank you very much.

But, Janiyah, I have some good news for you, because I am pleased to inform you that your long wait is over. I can proudly announce tonight that an ""opportunity scholarship"" has become available, it's going to you, and you will soon be heading to the school of your choice.

Now I call on Congress to give 1 million American children the same opportunity Janiyah has just received. Pass the Education Freedom Scholarships and Opportunities Act, because no parent should be forced to send their child to a failing government school.

Every young person should have a safe and secure environment in which to learn and to grow. For this reason, our magnificent First Lady has launched the ""Be Best"" initiative to advance a safe, healthy, supportive, and drug-free life for the next generation: online, in school, and in our communities. Thank you, Melania, for your extraordinary love and profound care for America's children. Thank you very much. My administration is determined to give our citizens the opportunities they need regardless of age or background. Through our Pledge to American Workers, over 400 companies will also provide new jobs and education opportunities to almost 15 million Americans.

My budget also contains an exciting vision for our Nation's high schools. Tonight I ask Congress to support our students and back my plan to offer vocational and technical education in every single high school in America.

To expand equal opportunity, I am also proud that we achieved record and permanent funding for our Nation's Historically Black Colleges and Universities.

A good life for American families also requires the most affordable, innovative, and high-quality health care system on Earth. Before I took office, health insurance premiums had more than doubled in just 5 years. I moved quickly to provide affordable alternatives. Our new plans are up to 60-percent less expensive and better.

I've also made an ironclad pledge to American families: We will always protect patients with preexisting conditions. And we will always protect your Medicare, and we will always protect your Social Security. Always.

The American patient should never be blindsided by medical bills. That is why I signed an Executive order requiring price transparency. Many experts believe that transparency, which will go into full effect at the beginning of next year, will be even bigger than health care reform. It will save families massive amounts of money for substantially better care.

But as we work to improve Americans' health care, there are those who want to take away your health care, take away your doctor, and abolish private insurance entirely.

Audience members. Boo!

The President. One hundred thirty-two lawmakers in this room have endorsed legislation to impose a socialist takeover of our health care system, wiping out the private health insurance plans of 180 million very happy Americans. To those watching at home tonight, I want you to know: We will never let socialism destroy American health care.

Over 130 legislators in this Chamber have endorsed legislation that would bankrupt our Nation by providing free taxpayer-funded health care to millions of illegal aliens, forcing taxpayers to subsidize free care for anyone in the world who unlawfully crosses our borders. These proposals would raid the Medicare benefits of our seniors, and that our seniors depend on, while acting as a powerful lure for illegal immigration. That is what is happening in California and other States. Their systems are totally out of control, costing taxpayers vast and unaffordable amounts of money.

If forcing American taxpayers to provide unlimited free health care to illegal aliens sounds fair to you, then stand with the radical left. But if you believe that we should defend American patients and American seniors, then stand with me and pass legislation to prohibit free Government health care for illegal aliens.

This will be a tremendous boon to our already very strongly guarded southern border where, as we speak, a long, tall, and very powerful wall is being built. We have now completed over 100 miles and have over 500 miles fully completed in a very short period of time. Early next year, we will have substantially more than 500 miles completed.

My administration is also taking on the big pharmaceutical companies. We have approved a record number of affordable generic drugs, and medicines are being approved by the FDA at a faster clip than ever before. And I was pleased to announce last year that, for the first time in 51 years, the cost of prescription drugs actually went down. And working together, Congress can reduce drug prices substantially from current levels. I've been speaking to Senator Chuck Grassley of Iowa and others in Congress in order to get something on drug pricing done, and done quickly and properly. I'm calling for bipartisan legislation that achieves the goal of dramatically lowering prescription drug prices. Get a bill on my desk, and I will sign it into law immediately.

Audience members. H.R. 3! H.R. 3! H.R. 3!

The President. With unyielding commitment, we are curbing the opioid epidemic. Drug overdose deaths declined for the first time in nearly 30 years. Among the States hardest hit, Ohio is down 22 percent, Pennsylvania is down 18 percent, Wisconsin is down 10 percent, and we will not quit until we have beaten the opioid epidemic once and for all.

Protecting Americans' health also means fighting infectious diseases. We are coordinating with the Chinese Government and working closely together on the coronavirus outbreak in China. My administration will take all necessary steps to safeguard our citizens from this threat.

We have launched ambitious new initiatives to substantially improve care for Americans with kidney disease, Alzheimer's, and those struggling with mental health. And because Congress was so good as to fund my request, new cures for childhood cancer, and we will eradicate the AIDS epidemic in America by the end of this decade.

Almost every American family knows the pain when a loved one is diagnosed with a serious illness. Here tonight is a special man, beloved by millions of Americans who just received a stage-4 advanced cancer diagnosis. This is not good news, but what is good news is that he is the greatest fighter and winner that you will ever meet. Rush Limbaugh, thank you for your decades of tireless devotion to our country.

And, Rush, in recognition of all that you have done for our Nation, the millions of people a day that you speak to and that you inspire, and all of the incredible work that you have done for charity, I am proud to announce tonight that you will be receiving our country's highest civilian honor, the Presidential Medal of Freedom.

I will now ask the First Lady of the United States to present you with the honor. Please.

[At this point, the First Lady presented the Presidential Medal of Freedom to radio show host Rush H. Limbaugh III, who was seated beside her in the House Gallery.]

Audience member. Thank you, Rush! [Applause]

The President. Rush and Kathryn, congratulations. Thank you, Kathryn.

As we pray for all who are sick, we know that America is constantly achieving new medical breakthroughs. In 2017, doctors at St. Luke's Hospital in Kansas City delivered one of the earliest premature babies ever to survive. Born at just 21 weeks and 6 days, and weighing less than a pound, Ellie Schneider was a born fighter. Through the skill of her doctors and the prayers of her parents, little Ellie kept on winning the battle of life. Today, Ellie is a strong, healthy 2-year-old girl sitting with her amazing mother Robin in the Gallery. Ellie and Robin, we are glad to have you with us tonight.

Ellie reminds us that every child is a miracle of life. And thanks to modern medical wonders, 50 percent of very premature babies delivered at the hospital where Ellie was born now survive. It's an incredible thing. Thank you very much.

Our goal should be to ensure that every baby has the best chance to thrive and grow just like Ellie. That is why I'm asking Congress to provide an additional $50 million to fund neonatal research for America's youngest patients. That is why I'm also calling upon Members of Congress here tonight to pass legislation finally banning the late-term abortion of babies. Whether we are Republican, Democrat, or Independent, surely we must all agree that every human life is a sacred gift from God.

As we support America's moms and dads, I was recently proud to sign the law providing new parents in the Federal workforce paid family leave, serving as a model for the rest of the country. Now I call on the Congress to pass the bipartisan Advancing Support for Working Families Act, extending family leave to mothers and fathers all across our Nation.

Forty million American families have an average $2,200 extra thanks to our child tax credit. I've also overseen historic funding increases for high-quality childcare, enabling 17 States to help more children, many of which have reduced or eliminated their waitlists altogether. And I sent Congress a plan with a vision to further expand access to high-quality childcare and urge you to act immediately.

To protect the environment, days ago, I announced that the United States will join the 1 Trillion Trees initiative, an ambitious effort to bring together government and private sector to plant new trees in America and all around the world.

We must also rebuild America's infrastructure. I ask you to pass Senator John Barrasso's highway bill to invest in new roads, bridges, and tunnels all across our land. I'm also committed to ensuring that every citizen can have access to high-speed internet, including and especially in rural America.

A better tomorrow for all Americans also requires us to keep America safe. That means supporting the men and women of law enforcement at every level, including our Nation's heroic ICE officers. Last year, our brave ICE officers arrested more than 120,000 criminal aliens charged with nearly 10,000 burglaries, 5,000 sexual assaults, 45,000 violent assaults, and 2,000 murders.

Tragically, there are many cities in America where radical politicians have chosen to provide sanctuary for these criminal illegal aliens.

Audience members. Boo!

The President. In sanctuary cities, local officials order police to release dangerous criminal aliens to prey upon the public, instead of handing them over to ICE to be safely removed.

Just 29 days ago, a criminal alien freed by the sanctuary city of New York was charged with the brutal rape and murder of a 92-year-old woman. The killer had been previously arrested for assault, but under New York's sanctuary policies, he was set free. If the city had honored ICE's detainer request, his victim would still be alive today.

The State of California passed an outrageous law declaring their whole State to be a sanctuary for criminal illegal immigrants—a very terrible sanctuary—with catastrophic results. Here is just one tragic example. In December 2018, California police detained an illegal alien with five prior arrests, including convictions for robbery and assault. But as required by California's Sanctuary Law, local authorities released him.

Days later, the criminal alien went on a gruesome spree of deadly violence. He viciously shot one man going about his daily work. He approached a woman sitting in her car and shot her in the arm and in the chest. He walked into a convenience store and wildly fired his weapon. He hijacked a truck and smashed into vehicles, critically injuring innocent victims. One of the victims is—a terrible, terrible situation; died—51-year-old American named Rocky Jones.

Rocky was at a gas station when this vile criminal fired eight bullets at him from close range, murdering him in cold blood. Rocky left behind a devoted family, including his brothers, who loved him more than anything else in the world. One of his grieving brothers is here with us tonight. Jody, would you please stand?

Audience member. Jody!

The President. Jody, thank you. Jody our hearts weep for your loss, and we will not rest until you have justice. Senator Thom Tillis has introduced legislation to allow Americans like Jody to sue sanctuary cities and States when a loved one is hurt or killed as a result of these deadly practices.

I ask Congress to pass the Justice for Victims of Sanctuary Cities Act immediately. The United States of America should be a sanctuary for law-abiding Americans, not criminal aliens.

In the last 3 years, ICE has arrested over 5,000 wicked human traffickers. And I have signed nine pieces of legislation to stamp out the menace of human trafficking, domestically and all around the globe. My administration has undertaken an unprecedented effort to secure the southern border of the United States.

Before I came into office, if you showed up illegally on our southern border and were arrested, you were simply released and allowed into our country, never to be seen again. My administration has ended catch-and-release. If you come illegally, you will now be promptly removed from our country.

Very importantly, we entered into historic cooperation agreements with the governments of Mexico, Honduras, El Salvador, and Guatemala. As a result of our unprecedented efforts, illegal crossings are down 75 percent since May, dropping 8 straight months in a row. And as the wall rapidly goes up, drug seizures rise, and the border crossings are down, and going down very rapidly.

Last year, I traveled to the border in Texas and met Chief Patrol Agent Raul Ortiz. Over the last 24 months, Agent Ortiz and his team have seized more than 200,000 pounds of poisonous narcotics, arrested more than 3,000 human smugglers, and rescued more than 2,000 migrants. Days ago, Agent Ortiz was promoted to Deputy Chief of Border Patrol, and he joins us tonight. Chief Ortiz, please stand. A grateful nation thanks you and all of the heroes of Border Patrol and ICE. Thank you very much. Thank you.

To build on these historic gains, we are working on legislation to replace our outdated and randomized immigration system with one based on merit, welcoming those who follow the rules, contribute to our economy, support themselves financially, and uphold our values.

With every action, my administration is restoring the rule of law and reasserting the culture of American freedom. Working with Senate Majority Leader Mitch McConnell—thank you, Mitch—and his colleagues in the Senate, we have confirmed a record number of 187 new Federal judges to uphold our Constitution as written. This includes two brilliant new Supreme Court Justices, Neil Gorsuch and Brett Kavanaugh. Thank you. And we have many in the pipeline. [Laughter]

My administration is also defending religious liberty, and that includes the constitutional right to pray in public schools. In America, we don't punish prayer. We don't tear down crosses. We don't ban symbols of faith. We don't muzzle preachers and pastors. In America, we celebrate faith, we cherish religion, we lift our voices in prayer, and we raise our sights to the glory of God.

Just as we believe in the First Amendment, we also believe in another constitutional right that is under siege all across our country. So long as I am President, I will always protect your Second Amendment right to keep and bear arms. In reaffirming our heritage as a free nation, we must remember that America has always been a frontier nation. Now we must embrace the next frontier, America's manifest destiny in the stars. I am asking Congress to fully fund the Artemis program to ensure that the next man and the first woman on the Moon will be American astronauts, using this as a launching pad to ensure that America is the first nation to plant its flag on Mars.

My administration is also strongly defending our national security and combating radical Islamic terrorism.

Last week, I announced a groundbreaking plan for peace between Israel and the Palestinians. Recognizing that all past attempts have failed, we must be determined and creative in order to stabilize the region and give millions of young people the chance to realize a better future.

Three years ago, the barbarians of ISIS held over 20,000 square miles of territory in Iraq and Syria. Today, the ISIS territorial caliphate has been 100 percent destroyed, and the founder and leader of ISIS—the bloodthirsty killer known as al-Baghdadi—is dead.

We are joined this evening by Carl and Marsha Mueller. After graduating from college, their beautiful daughter Kayla became a humanitarian aid worker. She once wrote: ""Some people find God in church. Some people find God in nature. Some people find God in love. I find God in suffering. I've known for some time what my life's work is, using my hands as tools to relieve suffering."" In 2013, while caring for suffering civilians in Syria, Kayla was kidnapped, tortured, and enslaved by ISIS and kept as a prisoner of al-Baghdadi himself. After more than 500 horrifying days of captivity, al-Baghdadi murdered young, beautiful Kayla. She was just 26 years old.

On the night that U.S. Special Forces Operations ended al-Baghdadi's miserable life, the Chairman of the Joint Chiefs of Staff, General Mark Milley, received a call in the Situation Room. He was told that the brave men of the elite special forces team that so perfectly carried out the operation had given their mission a name: ""Task Force 8–14."" It was a reference to a special day: August 14, Kayla's birthday. Carl and Marsha, America's warriors never forgot Kayla, and neither will we. Thank you.

Every day, America's men and women in uniform demonstrate the infinite depth of love that dwells in the human heart. One of these American heroes was Army Staff Sergeant Christopher Hake. On his second deployment to Iraq in 2008, Sergeant Hake wrote a letter to his 1-year-old son, Gage: ""I will be with you again,"" he wrote to Gage. ""I will teach you to ride your first bike, build your first sandbox, watch you play sports, and see you have kids also. I love you, son. Take care of your mother. I am always with you. Daddy.""

On Easter Sunday of 2008, Chris was out on patrol in Baghdad when his Bradley fighting vehicle was hit by a roadside bomb. That night, he made the ultimate sacrifice for our country. Sergeant Hake now rests in eternal glory in Arlington, and his wife Kelli is in the Gallery tonight, joined by their son, who is now a 13-year-old and doing very, very well. To Kelli and Gage: Chris will live in our hearts forever. He is looking down on you now. Thank you. Thank you very much. Thank you both very much.

The terrorist responsible for killing Sergeant Hake was Qasem Soleimani, who provided the deadly roadside bomb that took Chris's life. Soleimani was the Iranian regime's most ruthless butcher, a monster who murdered or wounded thousands of American servicemembers in Iraq. As the world's top terrorist, Soleimani orchestrated the deaths of countless men, women, and children. He directed the December assault and went on to assault U.S. forces in Iraq. Was actively planning new attacks when we hit him very hard. And that's why, last month, at my direction, the U.S. military executed a flawless precision strike that killed Soleimani and terminated his evil reign of terror forever. Our message to the terrorists is clear: You will never escape American justice. If you attack our citizens, you forfeit your life.

In recent months, we have seen proud Iranians raise their voices against their oppressive rulers. The Iranian regime must abandon its pursuit of nuclear weapons; stop spreading terror, death, and destruction; and start working for the good of its own people.

Because of our powerful sanctions, the Iranian economy is doing very, very poorly. We can help them make a very good and short-time recovery. It can all go very quickly, but perhaps they are too proud or too foolish to ask for that help. We are here. Let's see which road they choose. It is totally up to them.

As we defend American lives, we are working to end America's wars in the Middle East. In Afghanistan, the determination and valor of our warfighters has allowed us to make tremendous progress, and peace talks are now underway. I am not looking to kill hundreds of thousands of people in Afghanistan, many of them totally innocent. It is also not our function to serve other nations as law enforcement agencies. These are warfighters that we have—the best in the world—and they either want to fight to win or not fight at all. We are working to finally end America's longest war and bring our troops back home.

War places a heavy burden on our Nation's extraordinary military families, especially spouses like Amy Williams from Fort Bragg, North Carolina, and her two children, 6-year-old Elliana and 3-year-old Rowan. Amy works full-time and volunteers countless hours helping other military families. For the past 7 months, she has done it all while her husband, Sergeant First Class Townsend Williams, is in Afghanistan on his fourth deployment in the Middle East. Amy's kids haven't seen their father's face in many months. Amy, your family's sacrifice makes it possible for all of our families to live in safety and in peace, and we want to thank you. Thank you, Amy.

But, Amy, there is one more thing. Tonight we have a very special surprise. I am thrilled to inform you that your husband is back from deployment. He is here with us tonight, and we couldn't keep him waiting any longer.

Audience members. U.S.A.! U.S.A.! U.S.A.!

The President. Welcome home, Sergeant Williams. Thank you very much.

As the world bears witness tonight, America is a land of heroes. This is a place where greatness is born, where destinies are forged, and where legends come to life. This is the home of Thomas Edison and Teddy Roosevelt, of many great generals including Washington, Pershing, Patton, and MacArthur. This is the home of Abraham Lincoln, Frederick Douglass, Amelia Earhart, Harriet Tubman, the Wright Brothers, Neil Armstrong, and so many more. This is the country where children learn names like Wyatt Earp, Davy Crockett, and Annie Oakley. This is the place where the pilgrims landed at Plymouth and where Texas patriots made their last stand at the Alamo—[applause]—the beautiful, beautiful Alamo.

The American nation was carved out of the vast frontier by the toughest, strongest, fiercest, and most determined men and women ever to walk on the face of the Earth. Our ancestors braved the unknown; tamed the wilderness; settled the Wild West; lifted millions from poverty, disease, and hunger; vanquished tyranny and fascism; ushered the world to new heights of science and medicine; laid down the railroads, dug out the canals, raised up the skyscrapers. And, ladies and gentlemen, our ancestors built the most exceptional republic ever to exist in all of human history, and we are making it greater than ever before.

This is our glorious and magnificent inheritance. We are Americans. We are pioneers. We are the pathfinders. We settled the New World, we built the modern world, and we changed history forever by embracing the eternal truth that everyone is made equal by the hand of Almighty God.

America is the place where anything can happen. America is the place where anyone can rise. And here, on this land, on this soil, on this continent, the most incredible dreams come true.

This Nation is our canvas, and this country is our masterpiece. We look at tomorrow and see unlimited frontiers just waiting to be explored. Our brightest discoveries are not yet known. Our most thrilling stories are not yet told. Our grandest journeys are not yet made. The American age, the American epic, the American adventure has only just begun.

Our spirit is still young, the Sun is still rising, God's grace is still shining, and, my fellow Americans, the best is yet to come.

Thank you, God bless you, and God bless America. Thank you very much."
